Workbook

Sheet MFP(sample)
A1: LQFP64(7*7) | B1: ULQFP64(7*7) | C1: LQFP128(14*14) | D1: ULQFP128(14*14) | E1: PAD Name | F1: Pin Name | G1: MFP1 | H1: MFP2 | I1: MFP3 | J1: MFP4 | K1: MFP5 | L1: MFP6 | M1: MFP7 | N1: MFP8(LQFP64) | O1: MFP8(LQFP128) | P1: MFP8(ULQFP128) | Q1: MFP31 | S1: MFP1 | T1: ADC | U1: ACMP0 | V1: ACMP1 | X1: Bit3 | Y1: Bit2 | Z1: Bit1 | AA1: Bit0
C2: 1 | D2: 1 | E2: GPB[5] | F2: PB.5 | G2: Analog0 | H2: EBI_ADR0 | I2: SD0_DAT3 | J2: EMAC_RMII_REFCLK | P2: LCD_SEG33 | S2: Analog0 | T2: EADC0_CH5 | V2: ACMP1_N | X2: MFPA[3] | Y2: MFPA[2] | Z2: MFPA[1] | AA2: MFPA[0]
A3: 1 | B3: 1 | C3: 2 | D3: 2 | E3: GPB[4] | F3: PB.4 | G3: Analog1 | H3: EBI_ADR1 | I3: SD0_DAT2 | J3: EMAC_RMII_RXD0 | P3: LCD_SEG32 | S3: Analog1 | T3: EADC0_CH4 | V3: ACMP1_P1 | Z3: ALT1[1] | AA3: MFP1[1]
A4: 2 | B4: 2 | C4: 3 | D4: 3 | E4: GPB[3] | F4: PB.3 | G4: Analog2 | H4: EBI_ADR2 | I4: SD0_DAT1 | J4: EMAC_RMII_RXD1 | K4: SPI0_SS[ULQFP64(7*7)] | P4: LCD_SEG31 | S4: Analog2 | T4: EADC0_CH3 | U4: ACMP0_N | AA4: ALT[5]
A5: 3 | B5: 3 | C5: 4 | D5: 4 | E5: GPB[2] | F5: PB.2 | G5: Analog3 | H5: EBI_ADR3 | I5: SD0_DAT0 | J5: EMAC_RMII_CRSDV | P5: LCD_SEG30 | S5: Analog3 | T5: EADC0_CH2 | U5: ACMP0_P1
A6: 4 | B6: 4 | C6: 5 | D6: 5 | E6: GPC[12] | F6: PC.12 | H6: EBI_ADR4 | I6: UART0_TXD | J6: I2C0_SCL | P6: LCD_SEG29
A7: 5 | B7: 5 | C7: 6 | D7: 6 | E7: GPC[11] | F7: PC.11 | H7: EBI_ADR5 | I7: UART0_RXD | J7: I2C0_SDA | P7: LCD_SEG28
C8: 7 | D8: 7 | E8: GPC[10] | F8: PC.10 | H8: EBI_ADR6 | O8: LCD_SEG23 | P8: LCD_SEG27
C9: 8 | D9: 8 | E9: GPC[9] | F9: PC.9 | H9: EBI_ADR7 | O9: LCD_SEG22 | P9: LCD_SEG26
C10: 9 | D10: 9 | E10: GPB[1] | F10: PB.1 | G10: Analog4 | H10: EBI_ADR8 | I10: SD0_CLK | J10: EMAC_RMII_RXERR | O10: LCD_SEG21 | P10: LCD_SEG25 | S10: Analog4 | T10: EADC0_CH1
C11: 10 | D11: 10 | E11: GPB[0] | F11: PB.0 | G11: Analog5 | H11: EBI_ADR9 | I11: SD0_CMD | O11: LCD_SEG20 | P11: LCD_SEG24 | S11: Analog5 | T11: EADC0_CH0
C12: 11 | D12: 11 | E12: VSSPST | F12: VSS
C13: 12 | D13: 12 | E13: VDDPST | F13: VDD
C14: 13 | D14: 13 | E14: GPA[11] | F14: PA.11 | G14: Analog6 | H14: EBI_nRD | I14: SC2_PWR | J14: SPI2_SS | S14: Analog6 | U14: ACMP0_P0
C15: 14 | D15: 14 | E15: GPA[10] | F15: PA.10 | G15: Analog7 | H15: EBI_nWR | I15: SC2_RST | J15: SPI2_CLK | S15: Analog7 | V15: ACMP1_P0
C16: 15 | D16: 15 | E16: GPA[9] | F16: PA.9 | H16: EBI_MCLK | I16: SC2_DAT | J16: SPI2_MISO
A17: 6 | B17: 6 | C17: 16 | D17: 16 | E17: GPA[8] | F17: PA.8 | H17: EBI_ALE | I17: SC2_CLK | J17: SPI2_MOSI | N17: LCD_SEG19 | O17: LCD_SEG19 | P17: LCD_SEG23
A18: 7 | B18: 7 | C18: 17 | D18: 17 | E18: GPC[13] | F18: PC.13 | H18: EBI_ADR10 | I18: SC2_nCD | J18: SPI2_I2SMCLK | K18: I2C0_CL | N18: LCD_SEG18 | O18: LCD_SEG18 | P18: LCD_SEG22
A19: 8 | B19: 8 | C19: 18 | D19: 18 | E19: GPD[12] | F19: PD.12 | H19: EBI_nCS0 | K19: I2C0_DA | N19: LCD_SEG17 | O19: LCD_SEG17 | P19: LCD_SEG21
A20: 9 | B20: 9 | C20: 19 | D20: 19 | E20: GPD[11] | F20: PD.11 | H20: EBI_nCS1 | I20: BRAKE00 | J20: CAN0_TXD | N20: LCD_SEG16 | O20: LCD_SEG16 | P20: LCD_SEG20
A21: 10 | B21: 10 | C21: 20 | D21: 20 | E21: GPD[10] | F21: PD.10 | H21: EBI_nCS2 | I21: BRAKE01 | J21: CAN0_RXD | N21: LCD_SEG15 | O21: LCD_SEG15 | P21: LCD_SEG19
A22: 11 | B22: 11 | C22: 21 | D22: 21 | E22: VSSPST | F22: VSS | L22: SPI0_SCLK_O | N22: LCD_SEG14 | O22: LCD_SEG14 | P22: LCD_SEG18
A23: 12 | B23: 12 | C23: 22 | D23: 22 | E23: VDDPST | F23: VDD | N23: LCD_SEG13 | O23: LCD_SEG13 | P23: LCD_SEG17
A24: 13 | B24: 13 | C24: 23 | D24: 23 | E24: GPG[0] | F24: PG.0 | H24: EBI_ADR8 | J24: I2C0_SCL | N24: LCD_SEG12 | O24: LCD_SEG12 | P24: LCD_SEG16
A25: 14 | B25: 14 | C25: 24 | D25: 24 | E25: GPG[1] | F25: PG.1 | H25: EBI_ADR9 | I25: SPI2_I2SMCLK | J25: I2C0_SDA | N25: LCD_SEG11 | O25: LCD_SEG11 | P25: LCD_SEG15
A26: 15 | B26: 15 | C26: 25 | D26: 25 | E26: GPG[2] | F26: PG.2 | H26: EBI_ADR11 | I26: SPI2_SS | J26: I2C0_SMBAL | N26: LCD_SEG10 | O26: LCD_SEG10 | P26: LCD_SEG14
A27: 16 | B27: 16 | C27: 26 | D27: 26 | E27: GPG[3] | F27: PG.3 | H27: EBI_ADR12 | I27: SPI2_CLK | J27: I2C0_SMBSUS | N27: LCD_SEG9 | O27: LCD_SEG9 | P27: LCD_SEG13
C28: 27 | D28: 27 | E28: GPG[4] | F28: PG.4 | H28: EBI_ADR13 | I28: SPI2_MISO
C29: 28 | D29: 28 | E29: GPF[11] | F29: PF.11 | H29: EBI_ADR14 | I29: SPI2_MOSI
C30: 29 | D30: 29 | E30: GPF[10] | F30: PF.10 | H30: EBI_ADR15 | I30: SC0_nCD | J30: I2S0_BCLK
C31: 30 | D31: 30 | E31: GPF[9] | F31: PF.9 | H31: EBI_ADR16 | I31: SC0_PWR | J31: I2S0_MCLK
C32: 31 | D32: 31 | E32: GPF[8] | F32: PF.8 | H32: EBI_ADR17 | I32: SC0_RST | J32: I2S0_DI
C33: 32 | D33: 32 | E33: GPF[7] | F33: PF.7 | H33: EBI_ADR18 | I33: SC0_DAT | J33: I2S0_DO
C34: 33 | D34: 33 | E34: GPF[6] | F34: PF.6 | H34: EBI_ADR19 | I34: SC0_CLK | J34: I2S0_LRCK
C35: 34 | D35: 34 | E35: VBAT | F35: VDD
C36: 35 | D36: 35 | E36: GPF[5] | F36: PF.5 | H36: UART2_RXD | J36: UART2_nCTS
C37: 36 | D37: 36 | E37: GPF[4] | F37: PF.4 | H37: UART2_TXD | J37: UART2_nRTS
C38: 37 | D38: 37 | E38: GPH[0] | F38: PH.0 | H38: EBI_ADR7 | J38: UART5_TXD
C39: 38 | D39: 38 | E39: GPH[1] | F39: PH.1 | H39: EBI_ADR6 | J39: UART5_RXD
C40: 39 | D40: 39 | E40: GPH[2] | F40: PH.2 | H40: EBI_ADR5 | J40: UART5_nRTS
C41: 40 | D41: 40 | E41: GPH[3] | F41: PH.3 | H41: EBI_ADR4 | I41: SPI1_I2SMCLK | J41: UART5_nCTS
C42: 41 | D42: 41 | E42: GPH[4] | F42: PH.4 | H42: EBI_ADR3 | I42: SPI1_MISO
C43: 42 | D43: 42 | E43: GPH[5] | F43: PH.5 | H43: EBI_ADR2 | I43: SPI1_MOSI
C44: 43 | D44: 43 | E44: GPH[6] | F44: PH.6 | H44: EBI_ADR1 | I44: SPI1_CLK
C45: 44 | D45: 44 | E45: GPH[7] | F45: PH.7 | H45: EBI_ADR0 | I45: SPI1_SS
A46: 17 | B46: 17 | C46: 45 | D46: 45 | E46: GPF[3] | F46: PF.3 | H46: EBI_nCS0 | I46: UART0_TXD | J46: I2C0_SCL
A47: 18 | B47: 18 | C47: 46 | D47: 46 | E47: GPF[2] | F47: PF.2 | H47: EBI_nCS1 | I47: UART0_RXD | J47: I2C0_SDA
A48: 19 | B48: 19 | C48: 47 | D48: 47 | E48: VSSPST | F48: VSS
A49: 20 | B49: 20 | C49: 48 | D49: 48 | E49: VDDPST | F49: VDD
A50: 21 | B50: 21 | C50: 49 | D50: 49 | E50: GPE[8] | F50: PE.8 | H50: EBI_ADR10 | I50: EMAC_RMII_MDC | J50: I2S0_BCLK
A51: 22 | B51: 22 | C51: 50 | D51: 50 | E51: GPE[9] | F51: PE.9 | H51: EBI_ADR11 | I51: EMAC_RMII_MDIO | J51: I2S0_MCLK
A52: 23 | B52: 23 | C52: 51 | D52: 51 | E52: GPE[10] | F52: PE.10 | H52: EBI_ADR12 | I52: EMAC_RMII_TXD0 | J52: I2S0_DI
A53: 24 | B53: 24 | C53: 52 | D53: 52 | E53: GPE[11] | F53: PE.11 | H53: EBI_ADR13 | I53: EMAC_RMII_TXD1 | J53: I2S0_DO
A54: 25 | B54: 25 | C54: 53 | D54: 53 | E54: GPE[12] | F54: PE.12 | H54: EBI_ADR14 | I54: EMAC_RMII_TXEN | J54: I2S0_LRCK
A55: 26 | B55: 26 | C55: 54 | D55: 54 | E55: GPE[13] | F55: PE.13 | H55: EBI_ADR15 | I55: EMAC_PPS | J55: I2C0_SCL
A56: 27 | B56: 27 | C56: 55 | D56: 55 | E56: GPC[8] | F56: PC.8 | H56: EBI_ADR16 | I56: EMAC_RMII_REFCLK | J56: I2C0_SDA
A57: 28 | B57: 28 | C57: 56 | D57: 56 | E57: GPC[7] | F57: PC.7 | H57: EBI_AD9 | I57: EMAC_RMII_RXD0 | J57: SPI1_MISO
A58: 29 | B58: 29 | C58: 57 | D58: 57 | E58: GPC[6] | F58: PC.6 | H58: EBI_AD8 | I58: EMAC_RMII_RXD1 | J58: SPI1_MOSI
A59: 30 | B59: 30 | C59: 58 | D59: 58 | E59: GPA[7] | F59: PA.7 | H59: EBI_AD7 | I59: EMAC_RMII_CRSDV | J59: SPI1_CLK
A60: 31 | B60: 31 | C60: 59 | D60: 59 | E60: GPA[6] | F60: PA.6 | H60: EBI_AD6 | I60: EMAC_RMII_RXERR | J60: SPI1_SS | Q60: RTC_CKO
A61: 32 | B61: 32 | C61: 60 | D61: 60 | E61: VSSPST | F61: VSS
C62: 61 | D62: 61 | E62: VDDPST | F62: VDD
A63: 33 | B63: 33 | C63: 62 | D63: 62 | E63: LDO_CAP | F63: LDO_CAP
A64: 34 | B64: 34 | C64: 63 | D64: 63 | E64: GPA[5] | F64: PA.5 | H64: SPIM_D2 | I64: QSPI0_MISO1 | J64: SPI1_I2SMCLK
A65: 35 | B65: 35 | C65: 64 | D65: 64 | E65: GPA[4] | F65: PA.4 | H65: SPIM_D3 | I65: QSPI0_MOSI1 | J65: SPI0_I2SMCLK
A66: 36 | B66: 36 | C66: 65 | D66: 65 | E66: GPA[3] | F66: PA.3 | H66: SPIM_SS | I66: QSPI0_SS | J66: SPI0_SS
C67: 66 | D67: 66 | E67: GPA[2] | F67: PA.2 | H67: SPIM_CLK | I67: QSPI0_CLK | J67: SPI0_CLK
A68: 37 | B68: 37 | C68: 67 | D68: 67 | E68: GPA[1] | F68: PA.1 | H68: SPIM_MISO | I68: QSPI0_MISO0 | J68: SPI0_MISO
C69: 68 | D69: 68 | E69: GPA[0] | F69: PA.0 | H69: SPIM_MOSI | I69: QSPI0_MOSI0 | J69: SPI0_MOSI
C70: 69 | D70: 69 | E70: VDDPST_IO18 | F70: VDDIO
A71: 38 | B71: 38 | C71: 70 | D71: 70 | E71: GPE[14] | F71: PE.14 | H71: EBI_AD8 | I71: UART2_TXD | J71: CAN0_TXD
C72: 71 | D72: 71 | E72: GPE[15] | F72: PE.15 | H72: EBI_AD9 | I72: UART2_RXD | J72: CAN0_RXD
C73: 72 | D73: 72 | E73: nRESET | F73: nRESET
C74: 73 | D74: 73 | E74: GPF[0] | F74: PF.0 | H74: UART1_TXD | I74: I2C1_SCL
A75: 39 | B75: 39 | C75: 74 | D75: 74 | E75: GPF[1] | F75: NC_ToolNotShow | H75: UART1_RXD | I75: I2C1_SDA
A76: 40 | B76: 40 | C76: 75 | D76: 75 | E76: GPD[9] | F76: NC_ToolNotShow | H76: EBI_AD7 | I76: I2C2_SCL | J76: UART2_nCTS
C77: 76 | D77: 76 | E77: GPD[8] | F77: PD.8 | H77: EBI_AD6 | I77: I2C2_SDA | J77: UART2_nRTS
A78: 41 | B78: 41 | C78: 77 | D78: 77 | E78: NC | F78: NC | H78: EBI_AD5 | I78: SPIM_D2 | J78: QSPI0_MISO1
C79: 78 | D79: 78 | E79: GPC[4] | F79: PC.4 | H79: EBI_AD4 | I79: SPIM_D3 | J79: QSPI0_MOSI1
C80: 79 | D80: 79 | E80: GPC[3] | F80: PC.3 | H80: EBI_AD3 | I80: SPIM_SS | J80: QSPI0_SS
C81: 80 | D81: 80 | E81: GPC[2] | F81: PC.2 | H81: EBI_AD2 | I81: SPIM_CLK | J81: QSPI0_CLK
A82: 42 | B82: 42 | C82: 81 | D82: 81 | E82: GPC[1] | F82: PC.1 | H82: EBI_AD1 | I82: SPIM_MISO | J82: QSPI0_MISO0
A83: 43 | B83: 43 | C83: 82 | D83: 82 | E83: GPC[0] | F83: PC.0 | H83: EBI_AD0 | I83: SPIM_MOSI | J83: QSPI0_MOSI0
C84: 83 | D84: 83 | E84: VSSPST | F84: VSS
C85: 84 | D85: 84 | E85: VDDPST | F85: VDD
C86: 85 | D86: 85 | E86: GPG[9] | F86: PG.9 | H86: EBI_AD0 | I86: SD1_DAT3 | J86: SPIM_D2
C87: 86 | D87: 86 | E87: GPG[10] | F87: PG.10 | H87: EBI_AD1 | I87: SD1_DAT2 | J87: SPIM_D3
C88: 87 | D88: 87 | E88: GPG[11] | F88: PG.11 | H88: EBI_AD2 | I88: SD1_DAT1 | J88: SPIM_SS
C89: 88 | D89: 88 | E89: GPG[12] | F89: PG.12 | H89: EBI_AD3 | I89: SD1_DAT0 | J89: SPIM_CLK
C90: 89 | D90: 89 | E90: GPG[13] | F90: PG.13 | H90: EBI_AD4 | I90: SD1_CMD | J90: SPIM_MISO
C91: 90 | D91: 90 | E91: GPG[14] | F91: PG.14 | H91: EBI_AD5 | I91: SD1_CLK | J91: SPIM_MOSI
C92: 91 | D92: 91 | E92: GPG[15] | F92: PG.15 | I92: SD1_nCD
A93: 44 | B93: 44 | C93: 92 | D93: 92 | E93: GPD[7] | F93: PD.7 | I93: UART1_TXD | J93: I2C0_SCL
C94: 93 | D94: 93 | E94: GPD[6] | F94: PD.6 | I94: UART1_RXD | J94: I2C0_SDA
A95: 45 | B95: 45 | C95: 94 | D95: 94 | E95: GPD[5] | F95: PD.5 | J95: I2C1_SCL
A96: 46 | B96: 46 | C96: 95 | D96: 95 | E96: GPD[4] | F96: PD.4 | I96: USCI0_CTL0 | J96: I2C1_SDA
A97: 47 | B97: 47 | C97: 96 | D97: 96 | E97: GPD[3] | F97: PD.3 | H97: EBI_AD10 | I97: USCI0_CTL1 | J97: SPI0_SS
A98: 48 | B98: 48 | C98: 97 | D98: 97 | E98: GPD[2] | F98: PD.2 | H98: EBI_AD11 | I98: USCI0_DAT1 | J98: SPI0_CLK
A99: 49 | B99: 49 | C99: 98 | D99: 98 | E99: GPD[1] | F99: PD.1 | H99: EBI_AD12 | I99: USCI0_DAT0 | J99: SPI0_MISO
A100: 50 | B100: 50 | C100: 99 | D100: 99 | E100: GPD[0] | F100: PD.0 | H100: EBI_AD13 | I100: USCI0_CLK | J100: SPI0_MOSI
...

Sheet MFP
A1: PAD# | B1: LQFP100_B0x(14*14) | C1: TQFP80_B0x(12*12) | D1: TQFP64_B0x(10*10) | E1: TQFP48_B0x(7*7) | F1: LQFP100_B5x(14*14) | G1: TQFP80_B5x(12*12) | H1: TQFP64_B5x(10*10) | I1: PAD NAME | J1: PIN NAME | K1: MFP1 | L1: MFP2 | M1: MFP3 | N1: MFP4 | O1: MFP5 | P1: MFP6 | Q1: MFP7 | R1: MFP8 | S1: MFP9 | T1: MFP10 | V1: MFP1 | W1: AD | X1: VGA | Y1: CMP | AB1: MFP2 | AC1: AD | AD1: VGA | AE1: CMP | AG1: MFP6 | AH1: AD | AI1: VGA | AJ1: CMP | AL1: Bit3 | AM1: Bit2 | AN1: Bit1 | AO1: Bit0
A2: 1 | B2: 1 | F2: 1 | I2: GPE[5] | J2: PE.5 | K2: =IF('＠MFP (LSI name)'!K2="","",IF(COUNTIF('＠MFP (LSI name)'!K2,"Serial*")+COUNTIF('＠MFP (LSI name)'!K2,"Analog*")>0,'＠MFP (LSI name)'!K2,OFFSET('＠グループ、表示名'!$H$4,MATCH('＠MFP (LSI name)'!K2,'＠グループ、表示名'!$D$4:$D$250,0)-1,0))) -> IRQ00 | L2: =IF('＠MFP (LSI name)'!L2="","",IF(COUNTIF('＠MFP (LSI name)'!L2,"Serial*")+COUNTIF('＠MFP (LSI name)'!L2,"Analog*")>0,'＠MFP (LSI name)'!L2,OFFSET('＠グループ、表示名'!$H$4,MATCH('＠MFP (LSI name)'!L2,'＠グループ、表示名'!$D$4:$D$250,0)-1,0))) | M2: =IF('＠MFP (LSI name)'!M2="","",IF(COUNTIF('＠MFP (LSI name)'!M2,"Serial*")+COUNTIF('＠MFP (LSI name)'!M2,"Analog*")>0,'＠MFP (LSI name)'!M2,OFFSET('＠グループ、表示名'!$H$4,MATCH('＠MFP (LSI name)'!M2,'＠グループ、表示名'!$D$4:$D$250,0)-1,0))) | N2: =IF('＠MFP (LSI name)'!N2="","",IF(COUNTIF('＠MFP (LSI name)'!N2,"Serial*")+COUNTIF('＠MFP (LSI name)'!N2,"Analog*")>0,'＠MFP (LSI name)'!N2,OFFSET('＠グループ、表示名'!$H$4,MATCH('＠MFP (LSI name)'!N2,'＠グループ、表示名'!$D$4:$D$250,0)-1,0))) | O2: =IF('＠MFP (LSI name)'!O2="","",IF(COUNTIF('＠MFP (LSI name)'!O2,"Serial*")+COUNTIF('＠MFP (LSI name)'!O2,"Analog*")>0,'＠MFP (LSI name)'!O2,OFFSET('＠グループ、表示名'!$H$4,MATCH('＠MFP (LSI name)'!O2,'＠グループ、表示名'!$D$4:$D$250,0)-1,0))) | P2: =IF('＠MFP (LSI name)'!P2="","",IF(COUNTIF('＠MFP (LSI name)'!P2,"Serial*")+COUNTIF('＠MFP (LSI name)'!P2,"Analog*")>0,'＠MFP (LSI name)'!P2,OFFSET('＠グループ、表示名'!$H$4,MATCH('＠MFP (LSI name)'!P2,'＠グループ、表示名'!$D$4:$D$250,0)-1,0))) | Q2: =IF('＠MFP (LSI name)'!Q2="","",IF(COUNTIF('＠MFP (LSI name)'!Q2,"Serial*")+COUNTIF('＠MFP (LSI name)'!Q2,"Analog*")>0,'＠MFP (LSI name)'!Q2,OFFSET('＠グループ、表示名'!$H$4,MATCH('＠MFP (LSI name)'!Q2,'＠グループ、表示名'!$D$4:$D$250,0)-1,0))) | R2: =IF('＠MFP (LSI name)'!R2="","",IF(COUNTIF('＠MFP (LSI name)'!R2,"Serial*")+COUNTIF('＠MFP (LSI name)'!R2,"Analog*")>0,'＠MFP (LSI name)'!R2,OFFSET('＠グループ、表示名'!$H$4,MATCH('＠MFP (LSI name)'!R2,'＠グループ、表示名'!$D$4:$D$250,0)-1,0))) | ... AK2: =IF('＠MFP (LSI name)'!AK2="","",IF(COUNTIF('＠MFP (LSI name)'!AK2,"Serial*")+COUNTIF('＠MFP (LSI name)'!AK2,"Analog*")>0,'＠MFP (LSI name)'!AK2,OFFSET('＠グループ、表示名'!$H$4,MATCH('＠MFP (LSI name)'!AK2,'＠グループ、表示名'!$D$4:$D$250,0)-1,0))) | AL2: =IF(COUNTIF(J2,"P*")>0,"IO"&LEFT(J2,2)&"MD["&RIGHT(J2,1)*4+3&"]","") -> IOPEMD[23] | AM2: =IF(COUNTIF(J2,"P*")>0,"IO"&LEFT(J2,2)&"MD["&RIGHT(J2,1)*4+2&"]","") -> IOPEMD[22] | AN2: =IF(COUNTIF(J2,"P*")>0,"IO"&LEFT(J2,2)&"MD["&RIGHT(J2,1)*4+1&"]","") -> IOPEMD[21] | AO2: =IF(COUNTIF(J2,"P*")>0,"IO"&LEFT(J2,2)&"MD["&RIGHT(J2,1)*4&"]","") -> IOPEMD[20]
A3: 2 | B3: 2 | C3: 1 | D3: 1 | F3: 2 | G3: 1 | H3: 1 | I3: GP0[2] | J3: P0.2 | K3: =IF('＠MFP (LSI name)'!K3="","",IF(COUNTIF('＠MFP (LSI name)'!K3,"Serial*")+COUNTIF('＠MFP (LSI name)'!K3,"Analog*")>0,'＠MFP (LSI name)'!K3,OFFSET('＠グループ、表示名'!$H$4,MATCH('＠MFP (LSI name)'!K3,'＠グループ、表示名'!$D$4:$D$250,0)-1,0))) -> IRQ05 | L3: =IF('＠MFP (LSI name)'!L3="","",IF(COUNTIF('＠MFP (LSI name)'!L3,"Serial*")+COUNTIF('＠MFP (LSI name)'!L3,"Analog*")>0,'＠MFP (LSI name)'!L3,OFFSET('＠グループ、表示名'!$H$4,MATCH('＠MFP (LSI name)'!L3,'＠グループ、表示名'!$D$4:$D$250,0)-1,0))) -> TM15B | M3: =IF('＠MFP (LSI name)'!M3="","",IF(COUNTIF('＠MFP (LSI name)'!M3,"Serial*")+COUNTIF('＠MFP (LSI name)'!M3,"Analog*")>0,'＠MFP (LSI name)'!M3,OFFSET('＠グループ、表示名'!$H$4,MATCH('＠MFP (LSI name)'!M3,'＠グループ、表示名'!$D$4:$D$250,0)-1,0))) -> SIF1_SBCS1 | N3: =IF('＠MFP (LSI name)'!N3="","",IF(COUNTIF('＠MFP (LSI name)'!N3,"Serial*")+COUNTIF('＠MFP (LSI name)'!N3,"Analog*")>0,'＠MFP (LSI name)'!N3,OFFSET('＠グループ、表示名'!$H$4,MATCH('＠MFP (LSI name)'!N3,'＠グループ、表示名'!$D$4:$D$250,0)-1,0))) -> SIF4_SBI4 | O3: =IF('＠MFP (LSI name)'!O3="","",IF(COUNTIF('＠MFP (LSI name)'!O3,"Serial*")+COUNTIF('＠MFP (LSI name)'!O3,"Analog*")>0,'＠MFP (LSI name)'!O3,OFFSET('＠グループ、表示名'!$H$4,MATCH('＠MFP (LSI name)'!O3,'＠グループ、表示名'!$D$4:$D$250,0)-1,0))) -> SIF4_SBO4 | P3: =IF('＠MFP (LSI name)'!P3="","",IF(COUNTIF('＠MFP (LSI name)'!P3,"Serial*")+COUNTIF('＠MFP (LSI name)'!P3,"Analog*")>0,'＠MFP (LSI name)'!P3,OFFSET('＠グループ、表示名'!$H$4,MATCH('＠MFP (LSI name)'!P3,'＠グループ、表示名'!$D$4:$D$250,0)-1,0))) -> ADST0 | Q3: =IF('＠MFP (LSI name)'!Q3="","",IF(COUNTIF('＠MFP (LSI name)'!Q3,"Serial*")+COUNTIF('＠MFP (LSI name)'!Q3,"Analog*")>0,'＠MFP (LSI name)'!Q3,OFFSET('＠グループ、表示名'!$H$4,MATCH('＠MFP (LSI name)'!Q3,'＠グループ、表示名'!$D$4:$D$250,0)-1,0))) | R3: =IF('＠MFP (LSI name)'!R3="","",IF(COUNTIF('＠MFP (LSI name)'!R3,"Serial*")+COUNTIF('＠MFP (LSI name)'!R3,"Analog*")>0,'＠MFP (LSI name)'!R3,OFFSET('＠グループ、表示名'!$H$4,MATCH('＠MFP (LSI name)'!R3,'＠グループ、表示名'!$D$4:$D$250,0)-1,0))) | ... AK3: =IF('＠MFP (LSI name)'!AK3="","",IF(COUNTIF('＠MFP (LSI name)'!AK3,"Serial*")+COUNTIF('＠MFP (LSI name)'!AK3,"Analog*")>0,'＠MFP (LSI name)'!AK3,OFFSET('＠グループ、表示名'!$H$4,MATCH('＠MFP (LSI name)'!AK3,'＠グループ、表示名'!$D$4:$D$250,0)-1,0))) | AL3: =IF(COUNTIF(J3,"P*")>0,"IO"&LEFT(J3,2)&"MD["&RIGHT(J3,1)*4+3&"]","") -> IOP0MD[11] | AM3: =IF(COUNTIF(J3,"P*")>0,"IO"&LEFT(J3,2)&"MD["&RIGHT(J3,1)*4+2&"]","") -> IOP0MD[10] | AN3: =IF(COUNTIF(J3,"P*")>0,"IO"&LEFT(J3,2)&"MD["&RIGHT(J3,1)*4+1&"]","") -> IOP0MD[9] | AO3: =IF(COUNTIF(J3,"P*")>0,"IO"&LEFT(J3,2)&"MD["&RIGHT(J3,1)*4&"]","") -> IOP0MD[8]
A4: 3 | B4: 3 | C4: 2 | F4: 3 | G4: 2 | I4: GPF[0] | J4: PF.0 | K4: =IF('＠MFP (LSI name)'!K4="","",IF(COUNTIF('＠MFP (LSI name)'!K4,"Serial*")+COUNTIF('＠MFP (LSI name)'!K4,"Analog*")>0,'＠MFP (LSI name)'!K4,OFFSET('＠グループ、表示名'!$H$4,MATCH('＠MFP (LSI name)'!K4,'＠グループ、表示名'!$D$4:$D$250,0)-1,0))) -> TM15A | L4: =IF('＠MFP (LSI name)'!L4="","",IF(COUNTIF('＠MFP (LSI name)'!L4,"Serial*")+COUNTIF('＠MFP (LSI name)'!L4,"Analog*")>0,'＠MFP (LSI name)'!L4,OFFSET('＠グループ、表示名'!$H$4,MATCH('＠MFP (LSI name)'!L4,'＠グループ、表示名'!$D$4:$D$250,0)-1,0))) | M4: =IF('＠MFP (LSI name)'!M4="","",IF(COUNTIF('＠MFP (LSI name)'!M4,"Serial*")+COUNTIF('＠MFP (LSI name)'!M4,"Analog*")>0,'＠MFP (LSI name)'!M4,OFFSET('＠グループ、表示名'!$H$4,MATCH('＠MFP (LSI name)'!M4,'＠グループ、表示名'!$D$4:$D$250,0)-1,0))) | N4: =IF('＠MFP (LSI name)'!N4="","",IF(COUNTIF('＠MFP (LSI name)'!N4,"Serial*")+COUNTIF('＠MFP (LSI name)'!N4,"Analog*")>0,'＠MFP (LSI name)'!N4,OFFSET('＠グループ、表示名'!$H$4,MATCH('＠MFP (LSI name)'!N4,'＠グループ、表示名'!$D$4:$D$250,0)-1,0))) | O4: =IF('＠MFP (LSI name)'!O4="","",IF(COUNTIF('＠MFP (LSI name)'!O4,"Serial*")+COUNTIF('＠MFP (LSI name)'!O4,"Analog*")>0,'＠MFP (LSI name)'!O4,OFFSET('＠グループ、表示名'!$H$4,MATCH('＠MFP (LSI name)'!O4,'＠グループ、表示名'!$D$4:$D$250,0)-1,0))) | P4: =IF('＠MFP (LSI name)'!P4="","",IF(COUNTIF('＠MFP (LSI name)'!P4,"Serial*")+COUNTIF('＠MFP (LSI name)'!P4,"Analog*")>0,'＠MFP (LSI name)'!P4,OFFSET('＠グループ、表示名'!$H$4,MATCH('＠MFP (LSI name)'!P4,'＠グループ、表示名'!$D$4:$D$250,0)-1,0))) | Q4: =IF('＠MFP (LSI name)'!Q4="","",IF(COUNTIF('＠MFP (LSI name)'!Q4,"Serial*")+COUNTIF('＠MFP (LSI name)'!Q4,"Analog*")>0,'＠MFP (LSI name)'!Q4,OFFSET('＠グループ、表示名'!$H$4,MATCH('＠MFP (LSI name)'!Q4,'＠グループ、表示名'!$D$4:$D$250,0)-1,0))) | R4: =IF('＠MFP (LSI name)'!R4="","",IF(COUNTIF('＠MFP (LSI name)'!R4,"Serial*")+COUNTIF('＠MFP (LSI name)'!R4,"Analog*")>0,'＠MFP (LSI name)'!R4,OFFSET('＠グループ、表示名'!$H$4,MATCH('＠MFP (LSI name)'!R4,'＠グループ、表示名'!$D$4:$D$250,0)-1,0))) | ... AK4: =IF('＠MFP (LSI name)'!AK4="","",IF(COUNTIF('＠MFP (LSI name)'!AK4,"Serial*")+COUNTIF('＠MFP (LSI name)'!AK4,"Analog*")>0,'＠MFP (LSI name)'!AK4,OFFSET('＠グループ、表示名'!$H$4,MATCH('＠MFP (LSI name)'!AK4,'＠グループ、表示名'!$D$4:$D$250,0)-1,0))) | AL4: =IF(COUNTIF(J4,"P*")>0,"IO"&LEFT(J4,2)&"MD["&RIGHT(J4,1)*4+3&"]","") -> IOPFMD[3] | AM4: =IF(COUNTIF(J4,"P*")>0,"IO"&LEFT(J4,2)&"MD["&RIGHT(J4,1)*4+2&"]","") -> IOPFMD[2] | AN4: =IF(COUNTIF(J4,"P*")>0,"IO"&LEFT(J4,2)&"MD["&RIGHT(J4,1)*4+1&"]","") -> IOPFMD[1] | AO4: =IF(COUNTIF(J4,"P*")>0,"IO"&LEFT(J4,2)&"MD["&RIGHT(J4,1)*4&"]","") -> IOPFMD[0]
A5: 4 | B5: 4 | C5: 3 | D5: 2 | F5: 4 | G5: 3 | H5: 2 | I5: GP0[0] | J5: P0.0 | K5: =IF('＠MFP (LSI name)'!K5="","",IF(COUNTIF('＠MFP (LSI name)'!K5,"Serial*")+COUNTIF('＠MFP (LSI name)'!K5,"Analog*")>0,'＠MFP (LSI name)'!K5,OFFSET('＠グループ、表示名'!$H$4,MATCH('＠MFP (LSI name)'!K5,'＠グループ、表示名'!$D$4:$D$250,0)-1,0))) -> IRQ02 | L5: =IF('＠MFP (LSI name)'!L5="","",IF(COUNTIF('＠MFP (LSI name)'!L5,"Serial*")+COUNTIF('＠MFP (LSI name)'!L5,"Analog*")>0,'＠MFP (LSI name)'!L5,OFFSET('＠グループ、表示名'!$H$4,MATCH('＠MFP (LSI name)'!L5,'＠グループ、表示名'!$D$4:$D$250,0)-1,0))) -> SIF4_SBI4 | M5: =IF('＠MFP (LSI name)'!M5="","",IF(COUNTIF('＠MFP (LSI name)'!M5,"Serial*")+COUNTIF('＠MFP (LSI name)'!M5,"Analog*")>0,'＠MFP (LSI name)'!M5,OFFSET('＠グループ、表示名'!$H$4,MATCH('＠MFP (LSI name)'!M5,'＠グループ、表示名'!$D$4:$D$250,0)-1,0))) -> SIF4_SBO4 | N5: =IF('＠MFP (LSI name)'!N5="","",IF(COUNTIF('＠MFP (LSI name)'!N5,"Serial*")+COUNTIF('＠MFP (LSI name)'!N5,"Analog*")>0,'＠MFP (LSI name)'!N5,OFFSET('＠グループ、表示名'!$H$4,MATCH('＠MFP (LSI name)'!N5,'＠グループ、表示名'!$D$4:$D$250,0)-1,0))) -> ADST1 | O5: =IF('＠MFP (LSI name)'!O5="","",IF(COUNTIF('＠MFP (LSI name)'!O5,"Serial*")+COUNTIF('＠MFP (LSI name)'!O5,"Analog*")>0,'＠MFP (LSI name)'!O5,OFFSET('＠グループ、表示名'!$H$4,MATCH('＠MFP (LSI name)'!O5,'＠グループ、表示名'!$D$4:$D$250,0)-1,0))) | P5: =IF('＠MFP (LSI name)'!P5="","",IF(COUNTIF('＠MFP (LSI name)'!P5,"Serial*")+COUNTIF('＠MFP (LSI name)'!P5,"Analog*")>0,'＠MFP (LSI name)'!P5,OFFSET('＠グループ、表示名'!$H$4,MATCH('＠MFP (LSI name)'!P5,'＠グループ、表示名'!$D$4:$D$250,0)-1,0))) | Q5: =IF('＠MFP (LSI name)'!Q5="","",IF(COUNTIF('＠MFP (LSI name)'!Q5,"Serial*")+COUNTIF('＠MFP (LSI name)'!Q5,"Analog*")>0,'＠MFP (LSI name)'!Q5,OFFSET('＠グループ、表示名'!$H$4,MATCH('＠MFP (LSI name)'!Q5,'＠グループ、表示名'!$D$4:$D$250,0)-1,0))) | R5: =IF('＠MFP (LSI name)'!R5="","",IF(COUNTIF('＠MFP (LSI name)'!R5,"Serial*")+COUNTIF('＠MFP (LSI name)'!R5,"Analog*")>0,'＠MFP (LSI name)'!R5,OFFSET('＠グループ、表示名'!$H$4,MATCH('＠MFP (LSI name)'!R5,'＠グループ、表示名'!$D$4:$D$250,0)-1,0))) | ... AK5: =IF('＠MFP (LSI name)'!AK5="","",IF(COUNTIF('＠MFP (LSI name)'!AK5,"Serial*")+COUNTIF('＠MFP (LSI name)'!AK5,"Analog*")>0,'＠MFP (LSI name)'!AK5,OFFSET('＠グループ、表示名'!$H$4,MATCH('＠MFP (LSI name)'!AK5,'＠グループ、表示名'!$D$4:$D$250,0)-1,0))) | AL5: =IF(COUNTIF(J5,"P*")>0,"IO"&LEFT(J5,2)&"MD["&RIGHT(J5,1)*4+3&"]","") -> IOP0MD[3] | AM5: =IF(COUNTIF(J5,"P*")>0,"IO"&LEFT(J5,2)&"MD["&RIGHT(J5,1)*4+2&"]","") -> IOP0MD[2] | AN5: =IF(COUNTIF(J5,"P*")>0,"IO"&LEFT(J5,2)&"MD["&RIGHT(J5,1)*4+1&"]","") -> IOP0MD[1] | AO5: =IF(COUNTIF(J5,"P*")>0,"IO"&LEFT(J5,2)&"MD["&RIGHT(J5,1)*4&"]","") -> IOP0MD[0]
A6: 5 | B6: 5 | C6: 4 | D6: 3 | E6: 1 | F6: 5 | G6: 4 | H6: 3 | I6: VOUT12 | J6: VOUT12 | K6: =IF('＠MFP (LSI name)'!K6="","",IF(COUNTIF('＠MFP (LSI name)'!K6,"Serial*")+COUNTIF('＠MFP (LSI name)'!K6,"Analog*")>0,'＠MFP (LSI name)'!K6,OFFSET('＠グループ、表示名'!$H$4,MATCH('＠MFP (LSI name)'!K6,'＠グループ、表示名'!$D$4:$D$250,0)-1,0))) | L6: =IF('＠MFP (LSI name)'!L6="","",IF(COUNTIF('＠MFP (LSI name)'!L6,"Serial*")+COUNTIF('＠MFP (LSI name)'!L6,"Analog*")>0,'＠MFP (LSI name)'!L6,OFFSET('＠グループ、表示名'!$H$4,MATCH('＠MFP (LSI name)'!L6,'＠グループ、表示名'!$D$4:$D$250,0)-1,0))) | M6: =IF('＠MFP (LSI name)'!M6="","",IF(COUNTIF('＠MFP (LSI name)'!M6,"Serial*")+COUNTIF('＠MFP (LSI name)'!M6,"Analog*")>0,'＠MFP (LSI name)'!M6,OFFSET('＠グループ、表示名'!$H$4,MATCH('＠MFP (LSI name)'!M6,'＠グループ、表示名'!$D$4:$D$250,0)-1,0))) | N6: =IF('＠MFP (LSI name)'!N6="","",IF(COUNTIF('＠MFP (LSI name)'!N6,"Serial*")+COUNTIF('＠MFP (LSI name)'!N6,"Analog*")>0,'＠MFP (LSI name)'!N6,OFFSET('＠グループ、表示名'!$H$4,MATCH('＠MFP (LSI name)'!N6,'＠グループ、表示名'!$D$4:$D$250,0)-1,0))) | O6: =IF('＠MFP (LSI name)'!O6="","",IF(COUNTIF('＠MFP (LSI name)'!O6,"Serial*")+COUNTIF('＠MFP (LSI name)'!O6,"Analog*")>0,'＠MFP (LSI name)'!O6,OFFSET('＠グループ、表示名'!$H$4,MATCH('＠MFP (LSI name)'!O6,'＠グループ、表示名'!$D$4:$D$250,0)-1,0))) | P6: =IF('＠MFP (LSI name)'!P6="","",IF(COUNTIF('＠MFP (LSI name)'!P6,"Serial*")+COUNTIF('＠MFP (LSI name)'!P6,"Analog*")>0,'＠MFP (LSI name)'!P6,OFFSET('＠グループ、表示名'!$H$4,MATCH('＠MFP (LSI name)'!P6,'＠グループ、表示名'!$D$4:$D$250,0)-1,0))) | Q6: =IF('＠MFP (LSI name)'!Q6="","",IF(COUNTIF('＠MFP (LSI name)'!Q6,"Serial*")+COUNTIF('＠MFP (LSI name)'!Q6,"Analog*")>0,'＠MFP (LSI name)'!Q6,OFFSET('＠グループ、表示名'!$H$4,MATCH('＠MFP (LSI name)'!Q6,'＠グループ、表示名'!$D$4:$D$250,0)-1,0))) | R6: =IF('＠MFP (LSI name)'!R6="","",IF(COUNTIF('＠MFP (LSI name)'!R6,"Serial*")+COUNTIF('＠MFP (LSI name)'!R6,"Analog*")>0,'＠MFP (LSI name)'!R6,OFFSET('＠グループ、表示名'!$H$4,MATCH('＠MFP (LSI name)'!R6,'＠グループ、表示名'!$D$4:$D$250,0)-1,0))) | ... AK6: =IF('＠MFP (LSI name)'!AK6="","",IF(COUNTIF('＠MFP (LSI name)'!AK6,"Serial*")+COUNTIF('＠MFP (LSI name)'!AK6,"Analog*")>0,'＠MFP (LSI name)'!AK6,OFFSET('＠グループ、表示名'!$H$4,MATCH('＠MFP (LSI name)'!AK6,'＠グループ、表示名'!$D$4:$D$250,0)-1,0))) | AL6: =IF(COUNTIF(J6,"P*")>0,"IO"&LEFT(J6,2)&"MD["&RIGHT(J6,1)*4+3&"]","") | AM6: =IF(COUNTIF(J6,"P*")>0,"IO"&LEFT(J6,2)&"MD["&RIGHT(J6,1)*4+2&"]","") | AN6: =IF(COUNTIF(J6,"P*")>0,"IO"&LEFT(J6,2)&"MD["&RIGHT(J6,1)*4+1&"]","") | AO6: =IF(COUNTIF(J6,"P*")>0,"IO"&LEFT(J6,2)&"MD["&RIGHT(J6,1)*4&"]","")
A7: 6 | B7: 6 | C7: 5 | D7: 4 | E7: 2 | F7: 6 | G7: 5 | H7: 4 | I7: NBOOT | J7: NBOOT | K7: =IF('＠MFP (LSI name)'!K7="","",IF(COUNTIF('＠MFP (LSI name)'!K7,"Serial*")+COUNTIF('＠MFP (LSI name)'!K7,"Analog*")>0,'＠MFP (LSI name)'!K7,OFFSET('＠グループ、表示名'!$H$4,MATCH('＠MFP (LSI name)'!K7,'＠グループ、表示名'!$D$4:$D$250,0)-1,0))) | L7: =IF('＠MFP (LSI name)'!L7="","",IF(COUNTIF('＠MFP (LSI name)'!L7,"Serial*")+COUNTIF('＠MFP (LSI name)'!L7,"Analog*")>0,'＠MFP (LSI name)'!L7,OFFSET('＠グループ、表示名'!$H$4,MATCH('＠MFP (LSI name)'!L7,'＠グループ、表示名'!$D$4:$D$250,0)-1,0))) | M7: =IF('＠MFP (LSI name)'!M7="","",IF(COUNTIF('＠MFP (LSI name)'!M7,"Serial*")+COUNTIF('＠MFP (LSI name)'!M7,"Analog*")>0,'＠MFP (LSI name)'!M7,OFFSET('＠グループ、表示名'!$H$4,MATCH('＠MFP (LSI name)'!M7,'＠グループ、表示名'!$D$4:$D$250,0)-1,0))) | N7: =IF('＠MFP (LSI name)'!N7="","",IF(COUNTIF('＠MFP (LSI name)'!N7,"Serial*")+COUNTIF('＠MFP (LSI name)'!N7,"Analog*")>0,'＠MFP (LSI name)'!N7,OFFSET('＠グループ、表示名'!$H$4,MATCH('＠MFP (LSI name)'!N7,'＠グループ、表示名'!$D$4:$D$250,0)-1,0))) | O7: =IF('＠MFP (LSI name)'!O7="","",IF(COUNTIF('＠MFP (LSI name)'!O7,"Serial*")+COUNTIF('＠MFP (LSI name)'!O7,"Analog*")>0,'＠MFP (LSI name)'!O7,OFFSET('＠グループ、表示名'!$H$4,MATCH('＠MFP (LSI name)'!O7,'＠グループ、表示名'!$D$4:$D$250,0)-1,0))) | P7: =IF('＠MFP (LSI name)'!P7="","",IF(COUNTIF('＠MFP (LSI name)'!P7,"Serial*")+COUNTIF('＠MFP (LSI name)'!P7,"Analog*")>0,'＠MFP (LSI name)'!P7,OFFSET('＠グループ、表示名'!$H$4,MATCH('＠MFP (LSI name)'!P7,'＠グループ、表示名'!$D$4:$D$250,0)-1,0))) | Q7: =IF('＠MFP (LSI name)'!Q7="","",IF(COUNTIF('＠MFP (LSI name)'!Q7,"Serial*")+COUNTIF('＠MFP (LSI name)'!Q7,"Analog*")>0,'＠MFP (LSI name)'!Q7,OFFSET('＠グループ、表示名'!$H$4,MATCH('＠MFP (LSI name)'!Q7,'＠グループ、表示名'!$D$4:$D$250,0)-1,0))) | R7: =IF('＠MFP (LSI name)'!R7="","",IF(COUNTIF('＠MFP (LSI name)'!R7,"Serial*")+COUNTIF('＠MFP (LSI name)'!R7,"Analog*")>0,'＠MFP (LSI name)'!R7,OFFSET('＠グループ、表示名'!$H$4,MATCH('＠MFP (LSI name)'!R7,'＠グループ、表示名'!$D$4:$D$250,0)-1,0))) | ... AK7: =IF('＠MFP (LSI name)'!AK7="","",IF(COUNTIF('＠MFP (LSI name)'!AK7,"Serial*")+COUNTIF('＠MFP (LSI name)'!AK7,"Analog*")>0,'＠MFP (LSI name)'!AK7,OFFSET('＠グループ、表示名'!$H$4,MATCH('＠MFP (LSI name)'!AK7,'＠グループ、表示名'!$D$4:$D$250,0)-1,0))) | AL7: =IF(COUNTIF(J7,"P*")>0,"IO"&LEFT(J7,2)&"MD["&RIGHT(J7,1)*4+3&"]","") | AM7: =IF(COUNTIF(J7,"P*")>0,"IO"&LEFT(J7,2)&"MD["&RIGHT(J7,1)*4+2&"]","") | AN7: =IF(COUNTIF(J7,"P*")>0,"IO"&LEFT(J7,2)&"MD["&RIGHT(J7,1)*4+1&"]","") | AO7: =IF(COUNTIF(J7,"P*")>0,"IO"&LEFT(J7,2)&"MD["&RIGHT(J7,1)*4&"]","")
A8: 7 | B8: 7 | C8: 6 | D8: 5 | E8: 3 | F8: 7 | G8: 6 | H8: 5 | I8: GP0[1] | J8: P0.1 | K8: =IF('＠MFP (LSI name)'!K8="","",IF(COUNTIF('＠MFP (LSI name)'!K8,"Serial*")+COUNTIF('＠MFP (LSI name)'!K8,"Analog*")>0,'＠MFP (LSI name)'!K8,OFFSET('＠グループ、表示名'!$H$4,MATCH('＠MFP (LSI name)'!K8,'＠グループ、表示名'!$D$4:$D$250,0)-1,0))) -> IRQ04 | L8: =IF('＠MFP (LSI name)'!L8="","",IF(COUNTIF('＠MFP (LSI name)'!L8,"Serial*")+COUNTIF('＠MFP (LSI name)'!L8,"Analog*")>0,'＠MFP (LSI name)'!L8,OFFSET('＠グループ、表示名'!$H$4,MATCH('＠MFP (LSI name)'!L8,'＠グループ、表示名'!$D$4:$D$250,0)-1,0))) -> IRQ15 | M8: =IF('＠MFP (LSI name)'!M8="","",IF(COUNTIF('＠MFP (LSI name)'!M8,"Serial*")+COUNTIF('＠MFP (LSI name)'!M8,"Analog*")>0,'＠MFP (LSI name)'!M8,OFFSET('＠グループ、表示名'!$H$4,MATCH('＠MFP (LSI name)'!M8,'＠グループ、表示名'!$D$4:$D$250,0)-1,0))) -> GPWM6_GPWMST6 | N8: =IF('＠MFP (LSI name)'!N8="","",IF(COUNTIF('＠MFP (LSI name)'!N8,"Serial*")+COUNTIF('＠MFP (LSI name)'!N8,"Analog*")>0,'＠MFP (LSI name)'!N8,OFFSET('＠グループ、表示名'!$H$4,MATCH('＠MFP (LSI name)'!N8,'＠グループ、表示名'!$D$4:$D$250,0)-1,0))) -> ADST2 | O8: =IF('＠MFP (LSI name)'!O8="","",IF(COUNTIF('＠MFP (LSI name)'!O8,"Serial*")+COUNTIF('＠MFP (LSI name)'!O8,"Analog*")>0,'＠MFP (LSI name)'!O8,OFFSET('＠グループ、表示名'!$H$4,MATCH('＠MFP (LSI name)'!O8,'＠グループ、表示名'!$D$4:$D$250,0)-1,0))) -> SIF4_SBT4 | P8: =IF('＠MFP (LSI name)'!P8="","",IF(COUNTIF('＠MFP (LSI name)'!P8,"Serial*")+COUNTIF('＠MFP (LSI name)'!P8,"Analog*")>0,'＠MFP (LSI name)'!P8,OFFSET('＠グループ、表示名'!$H$4,MATCH('＠MFP (LSI name)'!P8,'＠グループ、表示名'!$D$4:$D$250,0)-1,0))) | Q8: =IF('＠MFP (LSI name)'!Q8="","",IF(COUNTIF('＠MFP (LSI name)'!Q8,"Serial*")+COUNTIF('＠MFP (LSI name)'!Q8,"Analog*")>0,'＠MFP (LSI name)'!Q8,OFFSET('＠グループ、表示名'!$H$4,MATCH('＠MFP (LSI name)'!Q8,'＠グループ、表示名'!$D$4:$D$250,0)-1,0))) | R8: =IF('＠MFP (LSI name)'!R8="","",IF(COUNTIF('＠MFP (LSI name)'!R8,"Serial*")+COUNTIF('＠MFP (LSI name)'!R8,"Analog*")>0,'＠MFP (LSI name)'!R8,OFFSET('＠グループ、表示名'!$H$4,MATCH('＠MFP (LSI name)'!R8,'＠グループ、表示名'!$D$4:$D$250,0)-1,0))) | ... AK8: =IF('＠MFP (LSI name)'!AK8="","",IF(COUNTIF('＠MFP (LSI name)'!AK8,"Serial*")+COUNTIF('＠MFP (LSI name)'!AK8,"Analog*")>0,'＠MFP (LSI name)'!AK8,OFFSET('＠グループ、表示名'!$H$4,MATCH('＠MFP (LSI name)'!AK8,'＠グループ、表示名'!$D$4:$D$250,0)-1,0))) | AL8: =IF(COUNTIF(J8,"P*")>0,"IO"&LEFT(J8,2)&"MD["&RIGHT(J8,1)*4+3&"]","") -> IOP0MD[7] | AM8: =IF(COUNTIF(J8,"P*")>0,"IO"&LEFT(J8,2)&"MD["&RIGHT(J8,1)*4+2&"]","") -> IOP0MD[6] | AN8: =IF(COUNTIF(J8,"P*")>0,"IO"&LEFT(J8,2)&"MD["&RIGHT(J8,1)*4+1&"]","") -> IOP0MD[5] | AO8: =IF(COUNTIF(J8,"P*")>0,"IO"&LEFT(J8,2)&"MD["&RIGHT(J8,1)*4&"]","") -> IOP0MD[4]
A9: 8 | B9: 8 | C9: 7 | F9: 8 | G9: 7 | I9: GPE[4] | J9: PE.4 | K9: =IF('＠MFP (LSI name)'!K9="","",IF(COUNTIF('＠MFP (LSI name)'!K9,"Serial*")+COUNTIF('＠MFP (LSI name)'!K9,"Analog*")>0,'＠MFP (LSI name)'!K9,OFFSET('＠グループ、表示名'!$H$4,MATCH('＠MFP (LSI name)'!K9,'＠グループ、表示名'!$D$4:$D$250,0)-1,0))) -> IRQ01 | L9: =IF('＠MFP (LSI name)'!L9="","",IF(COUNTIF('＠MFP (LSI name)'!L9,"Serial*")+COUNTIF('＠MFP (LSI name)'!L9,"Analog*")>0,'＠MFP (LSI name)'!L9,OFFSET('＠グループ、表示名'!$H$4,MATCH('＠MFP (LSI name)'!L9,'＠グループ、表示名'!$D$4:$D$250,0)-1,0))) -> IRQ13 | M9: =IF('＠MFP (LSI name)'!M9="","",IF(COUNTIF('＠MFP (LSI name)'!M9,"Serial*")+COUNTIF('＠MFP (LSI name)'!M9,"Analog*")>0,'＠MFP (LSI name)'!M9,OFFSET('＠グループ、表示名'!$H$4,MATCH('＠MFP (LSI name)'!M9,'＠グループ、表示名'!$D$4:$D$250,0)-1,0))) -> TM12A | N9: =IF('＠MFP (LSI name)'!N9="","",IF(COUNTIF('＠MFP (LSI name)'!N9,"Serial*")+COUNTIF('＠MFP (LSI name)'!N9,"Analog*")>0,'＠MFP (LSI name)'!N9,OFFSET('＠グループ、表示名'!$H$4,MATCH('＠MFP (LSI name)'!N9,'＠グループ、表示名'!$D$4:$D$250,0)-1,0))) -> SIF4_SBCS4 | O9: =IF('＠MFP (LSI name)'!O9="","",IF(COUNTIF('＠MFP (LSI name)'!O9,"Serial*")+COUNTIF('＠MFP (LSI name)'!O9,"Analog*")>0,'＠MFP (LSI name)'!O9,OFFSET('＠グループ、表示名'!$H$4,MATCH('＠MFP (LSI name)'!O9,'＠グループ、表示名'!$D$4:$D$250,0)-1,0))) | P9: =IF('＠MFP (LSI name)'!P9="","",IF(COUNTIF('＠MFP (LSI name)'!P9,"Serial*")+COUNTIF('＠MFP (LSI name)'!P9,"Analog*")>0,'＠MFP (LSI name)'!P9,OFFSET('＠グループ、表示名'!$H$4,MATCH('＠MFP (LSI name)'!P9,'＠グループ、表示名'!$D$4:$D$250,0)-1,0))) | Q9: =IF('＠MFP (LSI name)'!Q9="","",IF(COUNTIF('＠MFP (LSI name)'!Q9,"Serial*")+COUNTIF('＠MFP (LSI name)'!Q9,"Analog*")>0,'＠MFP (LSI name)'!Q9,OFFSET('＠グループ、表示名'!$H$4,MATCH('＠MFP (LSI name)'!Q9,'＠グループ、表示名'!$D$4:$D$250,0)-1,0))) | R9: =IF('＠MFP (LSI name)'!R9="","",IF(COUNTIF('＠MFP (LSI name)'!R9,"Serial*")+COUNTIF('＠MFP (LSI name)'!R9,"Analog*")>0,'＠MFP (LSI name)'!R9,OFFSET('＠グループ、表示名'!$H$4,MATCH('＠MFP (LSI name)'!R9,'＠グループ、表示名'!$D$4:$D$250,0)-1,0))) | ... AK9: =IF('＠MFP (LSI name)'!AK9="","",IF(COUNTIF('＠MFP (LSI name)'!AK9,"Serial*")+COUNTIF('＠MFP (LSI name)'!AK9,"Analog*")>0,'＠MFP (LSI name)'!AK9,OFFSET('＠グループ、表示名'!$H$4,MATCH('＠MFP (LSI name)'!AK9,'＠グループ、表示名'!$D$4:$D$250,0)-1,0))) | AL9: =IF(COUNTIF(J9,"P*")>0,"IO"&LEFT(J9,2)&"MD["&RIGHT(J9,1)*4+3&"]","") -> IOPEMD[19] | AM9: =IF(COUNTIF(J9,"P*")>0,"IO"&LEFT(J9,2)&"MD["&RIGHT(J9,1)*4+2&"]","") -> IOPEMD[18] | AN9: =IF(COUNTIF(J9,"P*")>0,"IO"&LEFT(J9,2)&"MD["&RIGHT(J9,1)*4+1&"]","") -> IOPEMD[17] | AO9: =IF(COUNTIF(J9,"P*")>0,"IO"&LEFT(J9,2)&"MD["&RIGHT(J9,1)*4&"]","") -> IOPEMD[16]
A10: 9 | B10: 9 | C10: 8 | F10: 9 | G10: 8 | I10: GPE[3] | J10: PE.3 | K10: =IF('＠MFP (LSI name)'!K10="","",IF(COUNTIF('＠MFP (LSI name)'!K10,"Serial*")+COUNTIF('＠MFP (LSI name)'!K10,"Analog*")>0,'＠MFP (LSI name)'!K10,OFFSET('＠グループ、表示名'!$H$4,MATCH('＠MFP (LSI name)'!K10,'＠グループ、表示名'!$D$4:$D$250,0)-1,0))) -> IRQ02 | L10: =IF('＠MFP (LSI name)'!L10="","",IF(COUNTIF('＠MFP (LSI name)'!L10,"Serial*")+COUNTIF('＠MFP (LSI name)'!L10,"Analog*")>0,'＠MFP (LSI name)'!L10,OFFSET('＠グループ、表示名'!$H$4,MATCH('＠MFP (LSI name)'!L10,'＠グループ、表示名'!$D$4:$D$250,0)-1,0))) -> IRQ14 | M10: =IF('＠MFP (LSI name)'!M10="","",IF(COUNTIF('＠MFP (LSI name)'!M10,"Serial*")+COUNTIF('＠MFP (LSI name)'!M10,"Analog*")>0,'＠MFP (LSI name)'!M10,OFFSET('＠グループ、表示名'!$H$4,MATCH('＠MFP (LSI name)'!M10,'＠グループ、表示名'!$D$4:$D$250,0)-1,0))) -> TM12B | N10: =IF('＠MFP (LSI name)'!N10="","",IF(COUNTIF('＠MFP (LSI name)'!N10,"Serial*")+COUNTIF('＠MFP (LSI name)'!N10,"Analog*")>0,'＠MFP (LSI name)'!N10,OFFSET('＠グループ、表示名'!$H$4,MATCH('＠MFP (LSI name)'!N10,'＠グループ、表示名'!$D$4:$D$250,0)-1,0))) | O10: =IF('＠MFP (LSI name)'!O10="","",IF(COUNTIF('＠MFP (LSI name)'!O10,"Serial*")+COUNTIF('＠MFP (LSI name)'!O10,"Analog*")>0,'＠MFP (LSI name)'!O10,OFFSET('＠グループ、表示名'!$H$4,MATCH('＠MFP (LSI name)'!O10,'＠グループ、表示名'!$D$4:$D$250,0)-1,0))) | P10: =IF('＠MFP (LSI name)'!P10="","",IF(COUNTIF('＠MFP (LSI name)'!P10,"Serial*")+COUNTIF('＠MFP (LSI name)'!P10,"Analog*")>0,'＠MFP (LSI name)'!P10,OFFSET('＠グループ、表示名'!$H$4,MATCH('＠MFP (LSI name)'!P10,'＠グループ、表示名'!$D$4:$D$250,0)-1,0))) | Q10: =IF('＠MFP (LSI name)'!Q10="","",IF(COUNTIF('＠MFP (LSI name)'!Q10,"Serial*")+COUNTIF('＠MFP (LSI name)'!Q10,"Analog*")>0,'＠MFP (LSI name)'!Q10,OFFSET('＠グループ、表示名'!$H$4,MATCH('＠MFP (LSI name)'!Q10,'＠グループ、表示名'!$D$4:$D$250,0)-1,0))) | R10: =IF('＠MFP (LSI name)'!R10="","",IF(COUNTIF('＠MFP (LSI name)'!R10,"Serial*")+COUNTIF('＠MFP (LSI name)'!R10,"Analog*")>0,'＠MFP (LSI name)'!R10,OFFSET('＠グループ、表示名'!$H$4,MATCH('＠MFP (LSI name)'!R10,'＠グループ、表示名'!$D$4:$D$250,0)-1,0))) | ... AK10: =IF('＠MFP (LSI name)'!AK10="","",IF(COUNTIF('＠MFP (LSI name)'!AK10,"Serial*")+COUNTIF('＠MFP (LSI name)'!AK10,"Analog*")>0,'＠MFP (LSI name)'!AK10,OFFSET('＠グループ、表示名'!$H$4,MATCH('＠MFP (LSI name)'!AK10,'＠グループ、表示名'!$D$4:$D$250,0)-1,0))) | AL10: =IF(COUNTIF(J10,"P*")>0,"IO"&LEFT(J10,2)&"MD["&RIGHT(J10,1)*4+3&"]","") -> IOPEMD[15] | AM10: =IF(COUNTIF(J10,"P*")>0,"IO"&LEFT(J10,2)&"MD["&RIGHT(J10,1)*4+2&"]","") -> IOPEMD[14] | AN10: =IF(COUNTIF(J10,"P*")>0,"IO"&LEFT(J10,2)&"MD["&RIGHT(J10,1)*4+1&"]","") -> IOPEMD[13] | AO10: =IF(COUNTIF(J10,"P*")>0,"IO"&LEFT(J10,2)&"MD["&RIGHT(J10,1)*4&"]","") -> IOPEMD[12]
A11: 10 | B11: 10 | C11: 9 | D11: 6 | E11: 4 | F11: 10 | G11: 9 | H11: 6 | I11: nRESET | J11: NRST | K11: =IF('＠MFP (LSI name)'!K11="","",IF(COUNTIF('＠MFP (LSI name)'!K11,"Serial*")+COUNTIF('＠MFP (LSI name)'!K11,"Analog*")>0,'＠MFP (LSI name)'!K11,OFFSET('＠グループ、表示名'!$H$4,MATCH('＠MFP (LSI name)'!K11,'＠グループ、表示名'!$D$4:$D$250,0)-1,0))) | L11: =IF('＠MFP (LSI name)'!L11="","",IF(COUNTIF('＠MFP (LSI name)'!L11,"Serial*")+COUNTIF('＠MFP (LSI name)'!L11,"Analog*")>0,'＠MFP (LSI name)'!L11,OFFSET('＠グループ、表示名'!$H$4,MATCH('＠MFP (LSI name)'!L11,'＠グループ、表示名'!$D$4:$D$250,0)-1,0))) | M11: =IF('＠MFP (LSI name)'!M11="","",IF(COUNTIF('＠MFP (LSI name)'!M11,"Serial*")+COUNTIF('＠MFP (LSI name)'!M11,"Analog*")>0,'＠MFP (LSI name)'!M11,OFFSET('＠グループ、表示名'!$H$4,MATCH('＠MFP (LSI name)'!M11,'＠グループ、表示名'!$D$4:$D$250,0)-1,0))) | N11: =IF('＠MFP (LSI name)'!N11="","",IF(COUNTIF('＠MFP (LSI name)'!N11,"Serial*")+COUNTIF('＠MFP (LSI name)'!N11,"Analog*")>0,'＠MFP (LSI name)'!N11,OFFSET('＠グループ、表示名'!$H$4,MATCH('＠MFP (LSI name)'!N11,'＠グループ、表示名'!$D$4:$D$250,0)-1,0))) | O11: =IF('＠MFP (LSI name)'!O11="","",IF(COUNTIF('＠MFP (LSI name)'!O11,"Serial*")+COUNTIF('＠MFP (LSI name)'!O11,"Analog*")>0,'＠MFP (LSI name)'!O11,OFFSET('＠グループ、表示名'!$H$4,MATCH('＠MFP (LSI name)'!O11,'＠グループ、表示名'!$D$4:$D$250,0)-1,0))) | P11: =IF('＠MFP (LSI name)'!P11="","",IF(COUNTIF('＠MFP (LSI name)'!P11,"Serial*")+COUNTIF('＠MFP (LSI name)'!P11,"Analog*")>0,'＠MFP (LSI name)'!P11,OFFSET('＠グループ、表示名'!$H$4,MATCH('＠MFP (LSI name)'!P11,'＠グループ、表示名'!$D$4:$D$250,0)-1,0))) | Q11: =IF('＠MFP (LSI name)'!Q11="","",IF(COUNTIF('＠MFP (LSI name)'!Q11,"Serial*")+COUNTIF('＠MFP (LSI name)'!Q11,"Analog*")>0,'＠MFP (LSI name)'!Q11,OFFSET('＠グループ、表示名'!$H$4,MATCH('＠MFP (LSI name)'!Q11,'＠グループ、表示名'!$D$4:$D$250,0)-1,0))) | R11: =IF('＠MFP (LSI name)'!R11="","",IF(COUNTIF('＠MFP (LSI name)'!R11,"Serial*")+COUNTIF('＠MFP (LSI name)'!R11,"Analog*")>0,'＠MFP (LSI name)'!R11,OFFSET('＠グループ、表示名'!$H$4,MATCH('＠MFP (LSI name)'!R11,'＠グループ、表示名'!$D$4:$D$250,0)-1,0))) | ... AK11: =IF('＠MFP (LSI name)'!AK11="","",IF(COUNTIF('＠MFP (LSI name)'!AK11,"Serial*")+COUNTIF('＠MFP (LSI name)'!AK11,"Analog*")>0,'＠MFP (LSI name)'!AK11,OFFSET('＠グループ、表示名'!$H$4,MATCH('＠MFP (LSI name)'!AK11,'＠グループ、表示名'!$D$4:$D$250,0)-1,0))) | AL11: =IF(COUNTIF(J11,"P*")>0,"IO"&LEFT(J11,2)&"MD["&RIGHT(J11,1)*4+3&"]","") | AM11: =IF(COUNTIF(J11,"P*")>0,"IO"&LEFT(J11,2)&"MD["&RIGHT(J11,1)*4+2&"]","") | AN11: =IF(COUNTIF(J11,"P*")>0,"IO"&LEFT(J11,2)&"MD["&RIGHT(J11,1)*4+1&"]","") | AO11: =IF(COUNTIF(J11,"P*")>0,"IO"&LEFT(J11,2)&"MD["&RIGHT(J11,1)*4&"]","")
A12: 11 | B12: 11 | C12: 10 | D12: 7 | E12: 5 | F12: 11 | G12: 10 | H12: 7 | I12: OSCO | J12: OSCO | K12: =IF('＠MFP (LSI name)'!K12="","",IF(COUNTIF('＠MFP (LSI name)'!K12,"Serial*")+COUNTIF('＠MFP (LSI name)'!K12,"Analog*")>0,'＠MFP (LSI name)'!K12,OFFSET('＠グループ、表示名'!$H$4,MATCH('＠MFP (LSI name)'!K12,'＠グループ、表示名'!$D$4:$D$250,0)-1,0))) | L12: =IF('＠MFP (LSI name)'!L12="","",IF(COUNTIF('＠MFP (LSI name)'!L12,"Serial*")+COUNTIF('＠MFP (LSI name)'!L12,"Analog*")>0,'＠MFP (LSI name)'!L12,OFFSET('＠グループ、表示名'!$H$4,MATCH('＠MFP (LSI name)'!L12,'＠グループ、表示名'!$D$4:$D$250,0)-1,0))) | M12: =IF('＠MFP (LSI name)'!M12="","",IF(COUNTIF('＠MFP (LSI name)'!M12,"Serial*")+COUNTIF('＠MFP (LSI name)'!M12,"Analog*")>0,'＠MFP (LSI name)'!M12,OFFSET('＠グループ、表示名'!$H$4,MATCH('＠MFP (LSI name)'!M12,'＠グループ、表示名'!$D$4:$D$250,0)-1,0))) | N12: =IF('＠MFP (LSI name)'!N12="","",IF(COUNTIF('＠MFP (LSI name)'!N12,"Serial*")+COUNTIF('＠MFP (LSI name)'!N12,"Analog*")>0,'＠MFP (LSI name)'!N12,OFFSET('＠グループ、表示名'!$H$4,MATCH('＠MFP (LSI name)'!N12,'＠グループ、表示名'!$D$4:$D$250,0)-1,0))) | O12: =IF('＠MFP (LSI name)'!O12="","",IF(COUNTIF('＠MFP (LSI name)'!O12,"Serial*")+COUNTIF('＠MFP (LSI name)'!O12,"Analog*")>0,'＠MFP (LSI name)'!O12,OFFSET('＠グループ、表示名'!$H$4,MATCH('＠MFP (LSI name)'!O12,'＠グループ、表示名'!$D$4:$D$250,0)-1,0))) | P12: =IF('＠MFP (LSI name)'!P12="","",IF(COUNTIF('＠MFP (LSI name)'!P12,"Serial*")+COUNTIF('＠MFP (LSI name)'!P12,"Analog*")>0,'＠MFP (LSI name)'!P12,OFFSET('＠グループ、表示名'!$H$4,MATCH('＠MFP (LSI name)'!P12,'＠グループ、表示名'!$D$4:$D$250,0)-1,0))) | Q12: =IF('＠MFP (LSI name)'!Q12="","",IF(COUNTIF('＠MFP (LSI name)'!Q12,"Serial*")+COUNTIF('＠MFP (LSI name)'!Q12,"Analog*")>0,'＠MFP (LSI name)'!Q12,OFFSET('＠グループ、表示名'!$H$4,MATCH('＠MFP (LSI name)'!Q12,'＠グループ、表示名'!$D$4:$D$250,0)-1,0))) | R12: =IF('＠MFP (LSI name)'!R12="","",IF(COUNTIF('＠MFP (LSI name)'!R12,"Serial*")+COUNTIF('＠MFP (LSI name)'!R12,"Analog*")>0,'＠MFP (LSI name)'!R12,OFFSET('＠グループ、表示名'!$H$4,MATCH('＠MFP (LSI name)'!R12,'＠グループ、表示名'!$D$4:$D$250,0)-1,0))) | ... AK12: =IF('＠MFP (LSI name)'!AK12="","",IF(COUNTIF('＠MFP (LSI name)'!AK12,"Serial*")+COUNTIF('＠MFP (LSI name)'!AK12,"Analog*")>0,'＠MFP (LSI name)'!AK12,OFFSET('＠グループ、表示名'!$H$4,MATCH('＠MFP (LSI name)'!AK12,'＠グループ、表示名'!$D$4:$D$250,0)-1,0))) | AL12: =IF(COUNTIF(J12,"P*")>0,"IO"&LEFT(J12,2)&"MD["&RIGHT(J12,1)*4+3&"]","") | AM12: =IF(COUNTIF(J12,"P*")>0,"IO"&LEFT(J12,2)&"MD["&RIGHT(J12,1)*4+2&"]","") | AN12: =IF(COUNTIF(J12,"P*")>0,"IO"&LEFT(J12,2)&"MD["&RIGHT(J12,1)*4+1&"]","") | AO12: =IF(COUNTIF(J12,"P*")>0,"IO"&LEFT(J12,2)&"MD["&RIGHT(J12,1)*4&"]","")
A13: 12 | B13: 12 | C13: 11 | D13: 8 | E13: 6 | F13: 12 | G13: 11 | H13: 8 | I13: VSSPST | J13: VSS | K13: =IF('＠MFP (LSI name)'!K13="","",IF(COUNTIF('＠MFP (LSI name)'!K13,"Serial*")+COUNTIF('＠MFP (LSI name)'!K13,"Analog*")>0,'＠MFP (LSI name)'!K13,OFFSET('＠グループ、表示名'!$H$4,MATCH('＠MFP (LSI name)'!K13,'＠グループ、表示名'!$D$4:$D$250,0)-1,0))) | L13: =IF('＠MFP (LSI name)'!L13="","",IF(COUNTIF('＠MFP (LSI name)'!L13,"Serial*")+COUNTIF('＠MFP (LSI name)'!L13,"Analog*")>0,'＠MFP (LSI name)'!L13,OFFSET('＠グループ、表示名'!$H$4,MATCH('＠MFP (LSI name)'!L13,'＠グループ、表示名'!$D$4:$D$250,0)-1,0))) | M13: =IF('＠MFP (LSI name)'!M13="","",IF(COUNTIF('＠MFP (LSI name)'!M13,"Serial*")+COUNTIF('＠MFP (LSI name)'!M13,"Analog*")>0,'＠MFP (LSI name)'!M13,OFFSET('＠グループ、表示名'!$H$4,MATCH('＠MFP (LSI name)'!M13,'＠グループ、表示名'!$D$4:$D$250,0)-1,0))) | N13: =IF('＠MFP (LSI name)'!N13="","",IF(COUNTIF('＠MFP (LSI name)'!N13,"Serial*")+COUNTIF('＠MFP (LSI name)'!N13,"Analog*")>0,'＠MFP (LSI name)'!N13,OFFSET('＠グループ、表示名'!$H$4,MATCH('＠MFP (LSI name)'!N13,'＠グループ、表示名'!$D$4:$D$250,0)-1,0))) | O13: =IF('＠MFP (LSI name)'!O13="","",IF(COUNTIF('＠MFP (LSI name)'!O13,"Serial*")+COUNTIF('＠MFP (LSI name)'!O13,"Analog*")>0,'＠MFP (LSI name)'!O13,OFFSET('＠グループ、表示名'!$H$4,MATCH('＠MFP (LSI name)'!O13,'＠グループ、表示名'!$D$4:$D$250,0)-1,0))) | P13: =IF('＠MFP (LSI name)'!P13="","",IF(COUNTIF('＠MFP (LSI name)'!P13,"Serial*")+COUNTIF('＠MFP (LSI name)'!P13,"Analog*")>0,'＠MFP (LSI name)'!P13,OFFSET('＠グループ、表示名'!$H$4,MATCH('＠MFP (LSI name)'!P13,'＠グループ、表示名'!$D$4:$D$250,0)-1,0))) | Q13: =IF('＠MFP (LSI name)'!Q13="","",IF(COUNTIF('＠MFP (LSI name)'!Q13,"Serial*")+COUNTIF('＠MFP (LSI name)'!Q13,"Analog*")>0,'＠MFP (LSI name)'!Q13,OFFSET('＠グループ、表示名'!$H$4,MATCH('＠MFP (LSI name)'!Q13,'＠グループ、表示名'!$D$4:$D$250,0)-1,0))) | R13: =IF('＠MFP (LSI name)'!R13="","",IF(COUNTIF('＠MFP (LSI name)'!R13,"Serial*")+COUNTIF('＠MFP (LSI name)'!R13,"Analog*")>0,'＠MFP (LSI name)'!R13,OFFSET('＠グループ、表示名'!$H$4,MATCH('＠MFP (LSI name)'!R13,'＠グループ、表示名'!$D$4:$D$250,0)-1,0))) | ... AK13: =IF('＠MFP (LSI name)'!AK13="","",IF(COUNTIF('＠MFP (LSI name)'!AK13,"Serial*")+COUNTIF('＠MFP (LSI name)'!AK13,"Analog*")>0,'＠MFP (LSI name)'!AK13,OFFSET('＠グループ、表示名'!$H$4,MATCH('＠MFP (LSI name)'!AK13,'＠グループ、表示名'!$D$4:$D$250,0)-1,0))) | AL13: =IF(COUNTIF(J13,"P*")>0,"IO"&LEFT(J13,2)&"MD["&RIGHT(J13,1)*4+3&"]","") | AM13: =IF(COUNTIF(J13,"P*")>0,"IO"&LEFT(J13,2)&"MD["&RIGHT(J13,1)*4+2&"]","") | AN13: =IF(COUNTIF(J13,"P*")>0,"IO"&LEFT(J13,2)&"MD["&RIGHT(J13,1)*4+1&"]","") | AO13: =IF(COUNTIF(J13,"P*")>0,"IO"&LEFT(J13,2)&"MD["&RIGHT(J13,1)*4&"]","")
A14: 13 | B14: 13 | C14: 12 | D14: 9 | E14: 7 | F14: 13 | G14: 12 | H14: 9 | I14: OSCI | J14: OSCI | K14: =IF('＠MFP (LSI name)'!K14="","",IF(COUNTIF('＠MFP (LSI name)'!K14,"Serial*")+COUNTIF('＠MFP (LSI name)'!K14,"Analog*")>0,'＠MFP (LSI name)'!K14,OFFSET('＠グループ、表示名'!$H$4,MATCH('＠MFP (LSI name)'!K14,'＠グループ、表示名'!$D$4:$D$250,0)-1,0))) | L14: =IF('＠MFP (LSI name)'!L14="","",IF(COUNTIF('＠MFP (LSI name)'!L14,"Serial*")+COUNTIF('＠MFP (LSI name)'!L14,"Analog*")>0,'＠MFP (LSI name)'!L14,OFFSET('＠グループ、表示名'!$H$4,MATCH('＠MFP (LSI name)'!L14,'＠グループ、表示名'!$D$4:$D$250,0)-1,0))) | M14: =IF('＠MFP (LSI name)'!M14="","",IF(COUNTIF('＠MFP (LSI name)'!M14,"Serial*")+COUNTIF('＠MFP (LSI name)'!M14,"Analog*")>0,'＠MFP (LSI name)'!M14,OFFSET('＠グループ、表示名'!$H$4,MATCH('＠MFP (LSI name)'!M14,'＠グループ、表示名'!$D$4:$D$250,0)-1,0))) | N14: =IF('＠MFP (LSI name)'!N14="","",IF(COUNTIF('＠MFP (LSI name)'!N14,"Serial*")+COUNTIF('＠MFP (LSI name)'!N14,"Analog*")>0,'＠MFP (LSI name)'!N14,OFFSET('＠グループ、表示名'!$H$4,MATCH('＠MFP (LSI name)'!N14,'＠グループ、表示名'!$D$4:$D$250,0)-1,0))) | O14: =IF('＠MFP (LSI name)'!O14="","",IF(COUNTIF('＠MFP (LSI name)'!O14,"Serial*")+COUNTIF('＠MFP (LSI name)'!O14,"Analog*")>0,'＠MFP (LSI name)'!O14,OFFSET('＠グループ、表示名'!$H$4,MATCH('＠MFP (LSI name)'!O14,'＠グループ、表示名'!$D$4:$D$250,0)-1,0))) | P14: =IF('＠MFP (LSI name)'!P14="","",IF(COUNTIF('＠MFP (LSI name)'!P14,"Serial*")+COUNTIF('＠MFP (LSI name)'!P14,"Analog*")>0,'＠MFP (LSI name)'!P14,OFFSET('＠グループ、表示名'!$H$4,MATCH('＠MFP (LSI name)'!P14,'＠グループ、表示名'!$D$4:$D$250,0)-1,0))) | Q14: =IF('＠MFP (LSI name)'!Q14="","",IF(COUNTIF('＠MFP (LSI name)'!Q14,"Serial*")+COUNTIF('＠MFP (LSI name)'!Q14,"Analog*")>0,'＠MFP (LSI name)'!Q14,OFFSET('＠グループ、表示名'!$H$4,MATCH('＠MFP (LSI name)'!Q14,'＠グループ、表示名'!$D$4:$D$250,0)-1,0))) | R14: =IF('＠MFP (LSI name)'!R14="","",IF(COUNTIF('＠MFP (LSI name)'!R14,"Serial*")+COUNTIF('＠MFP (LSI name)'!R14,"Analog*")>0,'＠MFP (LSI name)'!R14,OFFSET('＠グループ、表示名'!$H$4,MATCH('＠MFP (LSI name)'!R14,'＠グループ、表示名'!$D$4:$D$250,0)-1,0))) | ... AK14: =IF('＠MFP (LSI name)'!AK14="","",IF(COUNTIF('＠MFP (LSI name)'!AK14,"Serial*")+COUNTIF('＠MFP (LSI name)'!AK14,"Analog*")>0,'＠MFP (LSI name)'!AK14,OFFSET('＠グループ、表示名'!$H$4,MATCH('＠MFP (LSI name)'!AK14,'＠グループ、表示名'!$D$4:$D$250,0)-1,0))) | AL14: =IF(COUNTIF(J14,"P*")>0,"IO"&LEFT(J14,2)&"MD["&RIGHT(J14,1)*4+3&"]","") | AM14: =IF(COUNTIF(J14,"P*")>0,"IO"&LEFT(J14,2)&"MD["&RIGHT(J14,1)*4+2&"]","") | AN14: =IF(COUNTIF(J14,"P*")>0,"IO"&LEFT(J14,2)&"MD["&RIGHT(J14,1)*4+1&"]","") | AO14: =IF(COUNTIF(J14,"P*")>0,"IO"&LEFT(J14,2)&"MD["&RIGHT(J14,1)*4&"]","")
A15: 14 | B15: 14 | C15: 13 | D15: 10 | E15: 8 | F15: 14 | G15: 13 | H15: 10 | I15: VDDPST | J15: VDD50 | K15: =IF('＠MFP (LSI name)'!K15="","",IF(COUNTIF('＠MFP (LSI name)'!K15,"Serial*")+COUNTIF('＠MFP (LSI name)'!K15,"Analog*")>0,'＠MFP (LSI name)'!K15,OFFSET('＠グループ、表示名'!$H$4,MATCH('＠MFP (LSI name)'!K15,'＠グループ、表示名'!$D$4:$D$250,0)-1,0))) | L15: =IF('＠MFP (LSI name)'!L15="","",IF(COUNTIF('＠MFP (LSI name)'!L15,"Serial*")+COUNTIF('＠MFP (LSI name)'!L15,"Analog*")>0,'＠MFP (LSI name)'!L15,OFFSET('＠グループ、表示名'!$H$4,MATCH('＠MFP (LSI name)'!L15,'＠グループ、表示名'!$D$4:$D$250,0)-1,0))) | M15: =IF('＠MFP (LSI name)'!M15="","",IF(COUNTIF('＠MFP (LSI name)'!M15,"Serial*")+COUNTIF('＠MFP (LSI name)'!M15,"Analog*")>0,'＠MFP (LSI name)'!M15,OFFSET('＠グループ、表示名'!$H$4,MATCH('＠MFP (LSI name)'!M15,'＠グループ、表示名'!$D$4:$D$250,0)-1,0))) | N15: =IF('＠MFP (LSI name)'!N15="","",IF(COUNTIF('＠MFP (LSI name)'!N15,"Serial*")+COUNTIF('＠MFP (LSI name)'!N15,"Analog*")>0,'＠MFP (LSI name)'!N15,OFFSET('＠グループ、表示名'!$H$4,MATCH('＠MFP (LSI name)'!N15,'＠グループ、表示名'!$D$4:$D$250,0)-1,0))) | O15: =IF('＠MFP (LSI name)'!O15="","",IF(COUNTIF('＠MFP (LSI name)'!O15,"Serial*")+COUNTIF('＠MFP (LSI name)'!O15,"Analog*")>0,'＠MFP (LSI name)'!O15,OFFSET('＠グループ、表示名'!$H$4,MATCH('＠MFP (LSI name)'!O15,'＠グループ、表示名'!$D$4:$D$250,0)-1,0))) | P15: =IF('＠MFP (LSI name)'!P15="","",IF(COUNTIF('＠MFP (LSI name)'!P15,"Serial*")+COUNTIF('＠MFP (LSI name)'!P15,"Analog*")>0,'＠MFP (LSI name)'!P15,OFFSET('＠グループ、表示名'!$H$4,MATCH('＠MFP (LSI name)'!P15,'＠グループ、表示名'!$D$4:$D$250,0)-1,0))) | Q15: =IF('＠MFP (LSI name)'!Q15="","",IF(COUNTIF('＠MFP (LSI name)'!Q15,"Serial*")+COUNTIF('＠MFP (LSI name)'!Q15,"Analog*")>0,'＠MFP (LSI name)'!Q15,OFFSET('＠グループ、表示名'!$H$4,MATCH('＠MFP (LSI name)'!Q15,'＠グループ、表示名'!$D$4:$D$250,0)-1,0))) | R15: =IF('＠MFP (LSI name)'!R15="","",IF(COUNTIF('＠MFP (LSI name)'!R15,"Serial*")+COUNTIF('＠MFP (LSI name)'!R15,"Analog*")>0,'＠MFP (LSI name)'!R15,OFFSET('＠グループ、表示名'!$H$4,MATCH('＠MFP (LSI name)'!R15,'＠グループ、表示名'!$D$4:$D$250,0)-1,0))) | ... AK15: =IF('＠MFP (LSI name)'!AK15="","",IF(COUNTIF('＠MFP (LSI name)'!AK15,"Serial*")+COUNTIF('＠MFP (LSI name)'!AK15,"Analog*")>0,'＠MFP (LSI name)'!AK15,OFFSET('＠グループ、表示名'!$H$4,MATCH('＠MFP (LSI name)'!AK15,'＠グループ、表示名'!$D$4:$D$250,0)-1,0))) | AL15: =IF(COUNTIF(J15,"P*")>0,"IO"&LEFT(J15,2)&"MD["&RIGHT(J15,1)*4+3&"]","") | AM15: =IF(COUNTIF(J15,"P*")>0,"IO"&LEFT(J15,2)&"MD["&RIGHT(J15,1)*4+2&"]","") | AN15: =IF(COUNTIF(J15,"P*")>0,"IO"&LEFT(J15,2)&"MD["&RIGHT(J15,1)*4+1&"]","") | AO15: =IF(COUNTIF(J15,"P*")>0,"IO"&LEFT(J15,2)&"MD["&RIGHT(J15,1)*4&"]","")
A16: 15 | B16: 15 | C16: 14 | D16: 11 | E16: 9 | F16: 15 | G16: 14 | H16: 11 | I16: GPE[2] | J16: PE.2 | K16: =IF('＠MFP (LSI name)'!K16="","",IF(COUNTIF('＠MFP (LSI name)'!K16,"Serial*")+COUNTIF('＠MFP (LSI name)'!K16,"Analog*")>0,'＠MFP (LSI name)'!K16,OFFSET('＠グループ、表示名'!$H$4,MATCH('＠MFP (LSI name)'!K16,'＠グループ、表示名'!$D$4:$D$250,0)-1,0))) -> NMI | L16: =IF('＠MFP (LSI name)'!L16="","",IF(COUNTIF('＠MFP (LSI name)'!L16,"Serial*")+COUNTIF('＠MFP (LSI name)'!L16,"Analog*")>0,'＠MFP (LSI name)'!L16,OFFSET('＠グループ、表示名'!$H$4,MATCH('＠MFP (LSI name)'!L16,'＠グループ、表示名'!$D$4:$D$250,0)-1,0))) -> IRQ13 | M16: =IF('＠MFP (LSI name)'!M16="","",IF(COUNTIF('＠MFP (LSI name)'!M16,"Serial*")+COUNTIF('＠MFP (LSI name)'!M16,"Analog*")>0,'＠MFP (LSI name)'!M16,OFFSET('＠グループ、表示名'!$H$4,MATCH('＠MFP (LSI name)'!M16,'＠グループ、表示名'!$D$4:$D$250,0)-1,0))) | N16: =IF('＠MFP (LSI name)'!N16="","",IF(COUNTIF('＠MFP (LSI name)'!N16,"Serial*")+COUNTIF('＠MFP (LSI name)'!N16,"Analog*")>0,'＠MFP (LSI name)'!N16,OFFSET('＠グループ、表示名'!$H$4,MATCH('＠MFP (LSI name)'!N16,'＠グループ、表示名'!$D$4:$D$250,0)-1,0))) | O16: =IF('＠MFP (LSI name)'!O16="","",IF(COUNTIF('＠MFP (LSI name)'!O16,"Serial*")+COUNTIF('＠MFP (LSI name)'!O16,"Analog*")>0,'＠MFP (LSI name)'!O16,OFFSET('＠グループ、表示名'!$H$4,MATCH('＠MFP (LSI name)'!O16,'＠グループ、表示名'!$D$4:$D$250,0)-1,0))) | P16: =IF('＠MFP (LSI name)'!P16="","",IF(COUNTIF('＠MFP (LSI name)'!P16,"Serial*")+COUNTIF('＠MFP (LSI name)'!P16,"Analog*")>0,'＠MFP (LSI name)'!P16,OFFSET('＠グループ、表示名'!$H$4,MATCH('＠MFP (LSI name)'!P16,'＠グループ、表示名'!$D$4:$D$250,0)-1,0))) | Q16: =IF('＠MFP (LSI name)'!Q16="","",IF(COUNTIF('＠MFP (LSI name)'!Q16,"Serial*")+COUNTIF('＠MFP (LSI name)'!Q16,"Analog*")>0,'＠MFP (LSI name)'!Q16,OFFSET('＠グループ、表示名'!$H$4,MATCH('＠MFP (LSI name)'!Q16,'＠グループ、表示名'!$D$4:$D$250,0)-1,0))) | R16: =IF('＠MFP (LSI name)'!R16="","",IF(COUNTIF('＠MFP (LSI name)'!R16,"Serial*")+COUNTIF('＠MFP (LSI name)'!R16,"Analog*")>0,'＠MFP (LSI name)'!R16,OFFSET('＠グループ、表示名'!$H$4,MATCH('＠MFP (LSI name)'!R16,'＠グループ、表示名'!$D$4:$D$250,0)-1,0))) | ... AK16: =IF('＠MFP (LSI name)'!AK16="","",IF(COUNTIF('＠MFP (LSI name)'!AK16,"Serial*")+COUNTIF('＠MFP (LSI name)'!AK16,"Analog*")>0,'＠MFP (LSI name)'!AK16,OFFSET('＠グループ、表示名'!$H$4,MATCH('＠MFP (LSI name)'!AK16,'＠グループ、表示名'!$D$4:$D$250,0)-1,0))) | AL16: =IF(COUNTIF(J16,"P*")>0,"IO"&LEFT(J16,2)&"MD["&RIGHT(J16,1)*4+3&"]","") -> IOPEMD[11] | AM16: =IF(COUNTIF(J16,"P*")>0,"IO"&LEFT(J16,2)&"MD["&RIGHT(J16,1)*4+2&"]","") -> IOPEMD[10] | AN16: =IF(COUNTIF(J16,"P*")>0,"IO"&LEFT(J16,2)&"MD["&RIGHT(J16,1)*4+1&"]","") -> IOPEMD[9] | AO16: =IF(COUNTIF(J16,"P*")>0,"IO"&LEFT(J16,2)&"MD["&RIGHT(J16,1)*4&"]","") -> IOPEMD[8]
A17: 16 | B17: 16 | F17: 16 | I17: GPE[1] | J17: PE.1 | K17: =IF('＠MFP (LSI name)'!K17="","",IF(COUNTIF('＠MFP (LSI name)'!K17,"Serial*")+COUNTIF('＠MFP (LSI name)'!K17,"Analog*")>0,'＠MFP (LSI name)'!K17,OFFSET('＠グループ、表示名'!$H$4,MATCH('＠MFP (LSI name)'!K17,'＠グループ、表示名'!$D$4:$D$250,0)-1,0))) -> TM05A | L17: =IF('＠MFP (LSI name)'!L17="","",IF(COUNTIF('＠MFP (LSI name)'!L17,"Serial*")+COUNTIF('＠MFP (LSI name)'!L17,"Analog*")>0,'＠MFP (LSI name)'!L17,OFFSET('＠グループ、表示名'!$H$4,MATCH('＠MFP (LSI name)'!L17,'＠グループ、表示名'!$D$4:$D$250,0)-1,0))) -> TM15B | M17: =IF('＠MFP (LSI name)'!M17="","",IF(COUNTIF('＠MFP (LSI name)'!M17,"Serial*")+COUNTIF('＠MFP (LSI name)'!M17,"Analog*")>0,'＠MFP (LSI name)'!M17,OFFSET('＠グループ、表示名'!$H$4,MATCH('＠MFP (LSI name)'!M17,'＠グループ、表示名'!$D$4:$D$250,0)-1,0))) -> SIF0_SBCS0 | N17: =IF('＠MFP (LSI name)'!N17="","",IF(COUNTIF('＠MFP (LSI name)'!N17,"Serial*")+COUNTIF('＠MFP (LSI name)'!N17,"Analog*")>0,'＠MFP (LSI name)'!N17,OFFSET('＠グループ、表示名'!$H$4,MATCH('＠MFP (LSI name)'!N17,'＠グループ、表示名'!$D$4:$D$250,0)-1,0))) | O17: =IF('＠MFP (LSI name)'!O17="","",IF(COUNTIF('＠MFP (LSI name)'!O17,"Serial*")+COUNTIF('＠MFP (LSI name)'!O17,"Analog*")>0,'＠MFP (LSI name)'!O17,OFFSET('＠グループ、表示名'!$H$4,MATCH('＠MFP (LSI name)'!O17,'＠グループ、表示名'!$D$4:$D$250,0)-1,0))) | P17: =IF('＠MFP (LSI name)'!P17="","",IF(COUNTIF('＠MFP (LSI name)'!P17,"Serial*")+COUNTIF('＠MFP (LSI name)'!P17,"Analog*")>0,'＠MFP (LSI name)'!P17,OFFSET('＠グループ、表示名'!$H$4,MATCH('＠MFP (LSI name)'!P17,'＠グループ、表示名'!$D$4:$D$250,0)-1,0))) | Q17: =IF('＠MFP (LSI name)'!Q17="","",IF(COUNTIF('＠MFP (LSI name)'!Q17,"Serial*")+COUNTIF('＠MFP (LSI name)'!Q17,"Analog*")>0,'＠MFP (LSI name)'!Q17,OFFSET('＠グループ、表示名'!$H$4,MATCH('＠MFP (LSI name)'!Q17,'＠グループ、表示名'!$D$4:$D$250,0)-1,0))) | R17: =IF('＠MFP (LSI name)'!R17="","",IF(COUNTIF('＠MFP (LSI name)'!R17,"Serial*")+COUNTIF('＠MFP (LSI name)'!R17,"Analog*")>0,'＠MFP (LSI name)'!R17,OFFSET('＠グループ、表示名'!$H$4,MATCH('＠MFP (LSI name)'!R17,'＠グループ、表示名'!$D$4:$D$250,0)-1,0))) | ... AK17: =IF('＠MFP (LSI name)'!AK17="","",IF(COUNTIF('＠MFP (LSI name)'!AK17,"Serial*")+COUNTIF('＠MFP (LSI name)'!AK17,"Analog*")>0,'＠MFP (LSI name)'!AK17,OFFSET('＠グループ、表示名'!$H$4,MATCH('＠MFP (LSI name)'!AK17,'＠グループ、表示名'!$D$4:$D$250,0)-1,0))) | AL17: =IF(COUNTIF(J17,"P*")>0,"IO"&LEFT(J17,2)&"MD["&RIGHT(J17,1)*4+3&"]","") -> IOPEMD[7] | AM17: =IF(COUNTIF(J17,"P*")>0,"IO"&LEFT(J17,2)&"MD["&RIGHT(J17,1)*4+2&"]","") -> IOPEMD[6] | AN17: =IF(COUNTIF(J17,"P*")>0,"IO"&LEFT(J17,2)&"MD["&RIGHT(J17,1)*4+1&"]","") -> IOPEMD[5] | AO17: =IF(COUNTIF(J17,"P*")>0,"IO"&LEFT(J17,2)&"MD["&RIGHT(J17,1)*4&"]","") -> IOPEMD[4]
A18: 17 | B18: 17 | F18: 17 | I18: GPE[0] | J18: PE.0 | K18: =IF('＠MFP (LSI name)'!K18="","",IF(COUNTIF('＠MFP (LSI name)'!K18,"Serial*")+COUNTIF('＠MFP (LSI name)'!K18,"Analog*")>0,'＠MFP (LSI name)'!K18,OFFSET('＠グループ、表示名'!$H$4,MATCH('＠MFP (LSI name)'!K18,'＠グループ、表示名'!$D$4:$D$250,0)-1,0))) -> TM01B | L18: =IF('＠MFP (LSI name)'!L18="","",IF(COUNTIF('＠MFP (LSI name)'!L18,"Serial*")+COUNTIF('＠MFP (LSI name)'!L18,"Analog*")>0,'＠MFP (LSI name)'!L18,OFFSET('＠グループ、表示名'!$H$4,MATCH('＠MFP (LSI name)'!L18,'＠グループ、表示名'!$D$4:$D$250,0)-1,0))) -> TM05B | M18: =IF('＠MFP (LSI name)'!M18="","",IF(COUNTIF('＠MFP (LSI name)'!M18,"Serial*")+COUNTIF('＠MFP (LSI name)'!M18,"Analog*")>0,'＠MFP (LSI name)'!M18,OFFSET('＠グループ、表示名'!$H$4,MATCH('＠MFP (LSI name)'!M18,'＠グループ、表示名'!$D$4:$D$250,0)-1,0))) -> TM14B | N18: =IF('＠MFP (LSI name)'!N18="","",IF(COUNTIF('＠MFP (LSI name)'!N18,"Serial*")+COUNTIF('＠MFP (LSI name)'!N18,"Analog*")>0,'＠MFP (LSI name)'!N18,OFFSET('＠グループ、表示名'!$H$4,MATCH('＠MFP (LSI name)'!N18,'＠グループ、表示名'!$D$4:$D$250,0)-1,0))) | O18: =IF('＠MFP (LSI name)'!O18="","",IF(COUNTIF('＠MFP (LSI name)'!O18,"Serial*")+COUNTIF('＠MFP (LSI name)'!O18,"Analog*")>0,'＠MFP (LSI name)'!O18,OFFSET('＠グループ、表示名'!$H$4,MATCH('＠MFP (LSI name)'!O18,'＠グループ、表示名'!$D$4:$D$250,0)-1,0))) | P18: =IF('＠MFP (LSI name)'!P18="","",IF(COUNTIF('＠MFP (LSI name)'!P18,"Serial*")+COUNTIF('＠MFP (LSI name)'!P18,"Analog*")>0,'＠MFP (LSI name)'!P18,OFFSET('＠グループ、表示名'!$H$4,MATCH('＠MFP (LSI name)'!P18,'＠グループ、表示名'!$D$4:$D$250,0)-1,0))) | Q18: =IF('＠MFP (LSI name)'!Q18="","",IF(COUNTIF('＠MFP (LSI name)'!Q18,"Serial*")+COUNTIF('＠MFP (LSI name)'!Q18,"Analog*")>0,'＠MFP (LSI name)'!Q18,OFFSET('＠グループ、表示名'!$H$4,MATCH('＠MFP (LSI name)'!Q18,'＠グループ、表示名'!$D$4:$D$250,0)-1,0))) | R18: =IF('＠MFP (LSI name)'!R18="","",IF(COUNTIF('＠MFP (LSI name)'!R18,"Serial*")+COUNTIF('＠MFP (LSI name)'!R18,"Analog*")>0,'＠MFP (LSI name)'!R18,OFFSET('＠グループ、表示名'!$H$4,MATCH('＠MFP (LSI name)'!R18,'＠グループ、表示名'!$D$4:$D$250,0)-1,0))) | ... AK18: =IF('＠MFP (LSI name)'!AK18="","",IF(COUNTIF('＠MFP (LSI name)'!AK18,"Serial*")+COUNTIF('＠MFP (LSI name)'!AK18,"Analog*")>0,'＠MFP (LSI name)'!AK18,OFFSET('＠グループ、表示名'!$H$4,MATCH('＠MFP (LSI name)'!AK18,'＠グループ、表示名'!$D$4:$D$250,0)-1,0))) | AL18: =IF(COUNTIF(J18,"P*")>0,"IO"&LEFT(J18,2)&"MD["&RIGHT(J18,1)*4+3&"]","") -> IOPEMD[3] | AM18: =IF(COUNTIF(J18,"P*")>0,"IO"&LEFT(J18,2)&"MD["&RIGHT(J18,1)*4+2&"]","") -> IOPEMD[2] | AN18: =IF(COUNTIF(J18,"P*")>0,"IO"&LEFT(J18,2)&"MD["&RIGHT(J18,1)*4+1&"]","") -> IOPEMD[1] | AO18: =IF(COUNTIF(J18,"P*")>0,"IO"&LEFT(J18,2)&"MD["&RIGHT(J18,1)*4&"]","") -> IOPEMD[0]
A19: 18 | B19: 18 | C19: 15 | D19: 12 | E19: 10 | F19: 18 | G19: 15 | H19: 12 | I19: GPD[7] | J19: PD.7 | K19: =IF('＠MFP (LSI name)'!K19="","",IF(COUNTIF('＠MFP (LSI name)'!K19,"Serial*")+COUNTIF('＠MFP (LSI name)'!K19,"Analog*")>0,'＠MFP (LSI name)'!K19,OFFSET('＠グループ、表示名'!$H$4,MATCH('＠MFP (LSI name)'!K19,'＠グループ、表示名'!$D$4:$D$250,0)-1,0))) -> GPWM7_GPWM70 | L19: =IF('＠MFP (LSI name)'!L19="","",IF(COUNTIF('＠MFP (LSI name)'!L19,"Serial*")+COUNTIF('＠MFP (LSI name)'!L19,"Analog*")>0,'＠MFP (LSI name)'!L19,OFFSET('＠グループ、表示名'!$H$4,MATCH('＠MFP (LSI name)'!L19,'＠グループ、表示名'!$D$4:$D$250,0)-1,0))) -> IRQ31 | M19: =IF('＠MFP (LSI name)'!M19="","",IF(COUNTIF('＠MFP (LSI name)'!M19,"Serial*")+COUNTIF('＠MFP (LSI name)'!M19,"Analog*")>0,'＠MFP (LSI name)'!M19,OFFSET('＠グループ、表示名'!$H$4,MATCH('＠MFP (LSI name)'!M19,'＠グループ、表示名'!$D$4:$D$250,0)-1,0))) -> IRQ35 | N19: =IF('＠MFP (LSI name)'!N19="","",IF(COUNTIF('＠MFP (LSI name)'!N19,"Serial*")+COUNTIF('＠MFP (LSI name)'!N19,"Analog*")>0,'＠MFP (LSI name)'!N19,OFFSET('＠グループ、表示名'!$H$4,MATCH('＠MFP (LSI name)'!N19,'＠グループ、表示名'!$D$4:$D$250,0)-1,0))) -> TM14A | O19: =IF('＠MFP (LSI name)'!O19="","",IF(COUNTIF('＠MFP (LSI name)'!O19,"Serial*")+COUNTIF('＠MFP (LSI name)'!O19,"Analog*")>0,'＠MFP (LSI name)'!O19,OFFSET('＠グループ、表示名'!$H$4,MATCH('＠MFP (LSI name)'!O19,'＠グループ、表示名'!$D$4:$D$250,0)-1,0))) -> SIF3_SBCS3 | P19: =IF('＠MFP (LSI name)'!P19="","",IF(COUNTIF('＠MFP (LSI name)'!P19,"Serial*")+COUNTIF('＠MFP (LSI name)'!P19,"Analog*")>0,'＠MFP (LSI name)'!P19,OFFSET('＠グループ、表示名'!$H$4,MATCH('＠MFP (LSI name)'!P19,'＠グループ、表示名'!$D$4:$D$250,0)-1,0))) | Q19: =IF('＠MFP (LSI name)'!Q19="","",IF(COUNTIF('＠MFP (LSI name)'!Q19,"Serial*")+COUNTIF('＠MFP (LSI name)'!Q19,"Analog*")>0,'＠MFP (LSI name)'!Q19,OFFSET('＠グループ、表示名'!$H$4,MATCH('＠MFP (LSI name)'!Q19,'＠グループ、表示名'!$D$4:$D$250,0)-1,0))) | R19: =IF('＠MFP (LSI name)'!R19="","",IF(COUNTIF('＠MFP (LSI name)'!R19,"Serial*")+COUNTIF('＠MFP (LSI name)'!R19,"Analog*")>0,'＠MFP (LSI name)'!R19,OFFSET('＠グループ、表示名'!$H$4,MATCH('＠MFP (LSI name)'!R19,'＠グループ、表示名'!$D$4:$D$250,0)-1,0))) | ... AK19: =IF('＠MFP (LSI name)'!AK19="","",IF(COUNTIF('＠MFP (LSI name)'!AK19,"Serial*")+COUNTIF('＠MFP (LSI name)'!AK19,"Analog*")>0,'＠MFP (LSI name)'!AK19,OFFSET('＠グループ、表示名'!$H$4,MATCH('＠MFP (LSI name)'!AK19,'＠グループ、表示名'!$D$4:$D$250,0)-1,0))) | AL19: =IF(COUNTIF(J19,"P*")>0,"IO"&LEFT(J19,2)&"MD["&RIGHT(J19,1)*4+3&"]","") -> IOPDMD[31] | AM19: =IF(COUNTIF(J19,"P*")>0,"IO"&LEFT(J19,2)&"MD["&RIGHT(J19,1)*4+2&"]","") -> IOPDMD[30] | AN19: =IF(COUNTIF(J19,"P*")>0,"IO"&LEFT(J19,2)&"MD["&RIGHT(J19,1)*4+1&"]","") -> IOPDMD[29] | AO19: =IF(COUNTIF(J19,"P*")>0,"IO"&LEFT(J19,2)&"MD["&RIGHT(J19,1)*4&"]","") -> IOPDMD[28]
A20: 19 | B20: 19 | C20: 16 | D20: 13 | F20: 19 | G20: 16 | H20: 13 | I20: GPD[6] | J20: PD.6 | K20: =IF('＠MFP (LSI name)'!K20="","",IF(COUNTIF('＠MFP (LSI name)'!K20,"Serial*")+COUNTIF('＠MFP (LSI name)'!K20,"Analog*")>0,'＠MFP (LSI name)'!K20,OFFSET('＠グループ、表示名'!$H$4,MATCH('＠MFP (LSI name)'!K20,'＠グループ、表示名'!$D$4:$D$250,0)-1,0))) -> GPWM7_GPWM71 | L20: =IF('＠MFP (LSI name)'!L20="","",IF(COUNTIF('＠MFP (LSI name)'!L20,"Serial*")+COUNTIF('＠MFP (LSI name)'!L20,"Analog*")>0,'＠MFP (LSI name)'!L20,OFFSET('＠グループ、表示名'!$H$4,MATCH('＠MFP (LSI name)'!L20,'＠グループ、表示名'!$D$4:$D$250,0)-1,0))) -> IRQ05 | M20: =IF('＠MFP (LSI name)'!M20="","",IF(COUNTIF('＠MFP (LSI name)'!M20,"Serial*")+COUNTIF('＠MFP (LSI name)'!M20,"Analog*")>0,'＠MFP (LSI name)'!M20,OFFSET('＠グループ、表示名'!$H$4,MATCH('＠MFP (LSI name)'!M20,'＠グループ、表示名'!$D$4:$D$250,0)-1,0))) -> TM01A | N20: =IF('＠MFP (LSI name)'!N20="","",IF(COUNTIF('＠MFP (LSI name)'!N20,"Serial*")+COUNTIF('＠MFP (LSI name)'!N20,"Analog*")>0,'＠MFP (LSI name)'!N20,OFFSET('＠グループ、表示名'!$H$4,MATCH('＠MFP (LSI name)'!N20,'＠グループ、表示名'!$D$4:$D$250,0)-1,0))) -> TM15A | O20: =IF('＠MFP (LSI name)'!O20="","",IF(COUNTIF('＠MFP (LSI name)'!O20,"Serial*")+COUNTIF('＠MFP (LSI name)'!O20,"Analog*")>0,'＠MFP (LSI name)'!O20,OFFSET('＠グループ、表示名'!$H$4,MATCH('＠MFP (LSI name)'!O20,'＠グループ、表示名'!$D$4:$D$250,0)-1,0))) -> SIF1_SBCS1 | P20: =IF('＠MFP (LSI name)'!P20="","",IF(COUNTIF('＠MFP (LSI name)'!P20,"Serial*")+COUNTIF('＠MFP (LSI name)'!P20,"Analog*")>0,'＠MFP (LSI name)'!P20,OFFSET('＠グループ、表示名'!$H$4,MATCH('＠MFP (LSI name)'!P20,'＠グループ、表示名'!$D$4:$D$250,0)-1,0))) -> SIF3_SBCS3 | Q20: =IF('＠MFP (LSI name)'!Q20="","",IF(COUNTIF('＠MFP (LSI name)'!Q20,"Serial*")+COUNTIF('＠MFP (LSI name)'!Q20,"Analog*")>0,'＠MFP (LSI name)'!Q20,OFFSET('＠グループ、表示名'!$H$4,MATCH('＠MFP (LSI name)'!Q20,'＠グループ、表示名'!$D$4:$D$250,0)-1,0))) -> ADST0 | R20: =IF('＠MFP (LSI name)'!R20="","",IF(COUNTIF('＠MFP (LSI name)'!R20,"Serial*")+COUNTIF('＠MFP (LSI name)'!R20,"Analog*")>0,'＠MFP (LSI name)'!R20,OFFSET('＠グループ、表示名'!$H$4,MATCH('＠MFP (LSI name)'!R20,'＠グループ、表示名'!$D$4:$D$250,0)-1,0))) | ... AK20: =IF('＠MFP (LSI name)'!AK20="","",IF(COUNTIF('＠MFP (LSI name)'!AK20,"Serial*")+COUNTIF('＠MFP (LSI name)'!AK20,"Analog*")>0,'＠MFP (LSI name)'!AK20,OFFSET('＠グループ、表示名'!$H$4,MATCH('＠MFP (LSI name)'!AK20,'＠グループ、表示名'!$D$4:$D$250,0)-1,0))) | AL20: =IF(COUNTIF(J20,"P*")>0,"IO"&LEFT(J20,2)&"MD["&RIGHT(J20,1)*4+3&"]","") -> IOPDMD[27] | AM20: =IF(COUNTIF(J20,"P*")>0,"IO"&LEFT(J20,2)&"MD["&RIGHT(J20,1)*4+2&"]","") -> IOPDMD[26] | AN20: =IF(COUNTIF(J20,"P*")>0,"IO"&LEFT(J20,2)&"MD["&RIGHT(J20,1)*4+1&"]","") -> IOPDMD[25] | AO20: =IF(COUNTIF(J20,"P*")>0,"IO"&LEFT(J20,2)&"MD["&RIGHT(J20,1)*4&"]","") -> IOPDMD[24]
A21: 20 | B21: 20 | C21: 17 | D21: 14 | E21: 11 | I21: GPD[5] | J21: PD.5 | K21: =IF('＠MFP (LSI name)'!K21="","",IF(COUNTIF('＠MFP (LSI name)'!K21,"Serial*")+COUNTIF('＠MFP (LSI name)'!K21,"Analog*")>0,'＠MFP (LSI name)'!K21,OFFSET('＠グループ、表示名'!$H$4,MATCH('＠MFP (LSI name)'!K21,'＠グループ、表示名'!$D$4:$D$250,0)-1,0))) -> DBG_SWDCLK | L21: =IF('＠MFP (LSI name)'!L21="","",IF(COUNTIF('＠MFP (LSI name)'!L21,"Serial*")+COUNTIF('＠MFP (LSI name)'!L21,"Analog*")>0,'＠MFP (LSI name)'!L21,OFFSET('＠グループ、表示名'!$H$4,MATCH('＠MFP (LSI name)'!L21,'＠グループ、表示名'!$D$4:$D$250,0)-1,0))) -> IRQ03 | M21: =IF('＠MFP (LSI name)'!M21="","",IF(COUNTIF('＠MFP (LSI name)'!M21,"Serial*")+COUNTIF('＠MFP (LSI name)'!M21,"Analog*")>0,'＠MFP (LSI name)'!M21,OFFSET('＠グループ、表示名'!$H$4,MATCH('＠MFP (LSI name)'!M21,'＠グループ、表示名'!$D$4:$D$250,0)-1,0))) -> IRQ30 | N21: =IF('＠MFP (LSI name)'!N21="","",IF(COUNTIF('＠MFP (LSI name)'!N21,"Serial*")+COUNTIF('＠MFP (LSI name)'!N21,"Analog*")>0,'＠MFP (LSI name)'!N21,OFFSET('＠グループ、表示名'!$H$4,MATCH('＠MFP (LSI name)'!N21,'＠グループ、表示名'!$D$4:$D$250,0)-1,0))) -> IRQ36 | O21: =IF('＠MFP (LSI name)'!O21="","",IF(COUNTIF('＠MFP (LSI name)'!O21,"Serial*")+COUNTIF('＠MFP (LSI name)'!O21,"Analog*")>0,'＠MFP (LSI name)'!O21,OFFSET('＠グループ、表示名'!$H$4,MATCH('＠MFP (LSI name)'!O21,'＠グループ、表示名'!$D$4:$D$250,0)-1,0))) -> SIF1_SBI1 | P21: =IF('＠MFP (LSI name)'!P21="","",IF(COUNTIF('＠MFP (LSI name)'!P21,"Serial*")+COUNTIF('＠MFP (LSI name)'!P21,"Analog*")>0,'＠MFP (LSI name)'!P21,OFFSET('＠グループ、表示名'!$H$4,MATCH('＠MFP (LSI name)'!P21,'＠グループ、表示名'!$D$4:$D$250,0)-1,0))) -> SIF1_SBO1 | Q21: =IF('＠MFP (LSI name)'!Q21="","",IF(COUNTIF('＠MFP (LSI name)'!Q21,"Serial*")+COUNTIF('＠MFP (LSI name)'!Q21,"Analog*")>0,'＠MFP (LSI name)'!Q21,OFFSET('＠グループ、表示名'!$H$4,MATCH('＠MFP (LSI name)'!Q21,'＠グループ、表示名'!$D$4:$D$250,0)-1,0))) -> SIF1_SBT1 | R21: =IF('＠MFP (LSI name)'!R21="","",IF(COUNTIF('＠MFP (LSI name)'!R21,"Serial*")+COUNTIF('＠MFP (LSI name)'!R21,"Analog*")>0,'＠MFP (LSI name)'!R21,OFFSET('＠グループ、表示名'!$H$4,MATCH('＠MFP (LSI name)'!R21,'＠グループ、表示名'!$D$4:$D$250,0)-1,0))) | ... AK21: =IF('＠MFP (LSI name)'!AK21="","",IF(COUNTIF('＠MFP (LSI name)'!AK21,"Serial*")+COUNTIF('＠MFP (LSI name)'!AK21,"Analog*")>0,'＠MFP (LSI name)'!AK21,OFFSET('＠グループ、表示名'!$H$4,MATCH('＠MFP (LSI name)'!AK21,'＠グループ、表示名'!$D$4:$D$250,0)-1,0))) | AL21: =IF(COUNTIF(J21,"P*")>0,"IO"&LEFT(J21,2)&"MD["&RIGHT(J21,1)*4+3&"]","") -> IOPDMD[23] | AM21: =IF(COUNTIF(J21,"P*")>0,"IO"&LEFT(J21,2)&"MD["&RIGHT(J21,1)*4+2&"]","") -> IOPDMD[22] | AN21: =IF(COUNTIF(J21,"P*")>0,"IO"&LEFT(J21,2)&"MD["&RIGHT(J21,1)*4+1&"]","") -> IOPDMD[21] | AO21: =IF(COUNTIF(J21,"P*")>0,"IO"&LEFT(J21,2)&"MD["&RIGHT(J21,1)*4&"]","") -> IOPDMD[20]
A22: 20' | F22: 20 | G22: 17 | H22: 14 | I22: GPD[5] | J22: PD.5 | K22: =IF('＠MFP (LSI name)'!K22="","",IF(COUNTIF('＠MFP (LSI name)'!K22,"Serial*")+COUNTIF('＠MFP (LSI name)'!K22,"Analog*")>0,'＠MFP (LSI name)'!K22,OFFSET('＠グループ、表示名'!$H$4,MATCH('＠MFP (LSI name)'!K22,'＠グループ、表示名'!$D$4:$D$250,0)-1,0))) | L22: =IF('＠MFP (LSI name)'!L22="","",IF(COUNTIF('＠MFP (LSI name)'!L22,"Serial*")+COUNTIF('＠MFP (LSI name)'!L22,"Analog*")>0,'＠MFP (LSI name)'!L22,OFFSET('＠グループ、表示名'!$H$4,MATCH('＠MFP (LSI name)'!L22,'＠グループ、表示名'!$D$4:$D$250,0)-1,0))) -> IRQ03 | M22: =IF('＠MFP (LSI name)'!M22="","",IF(COUNTIF('＠MFP (LSI name)'!M22,"Serial*")+COUNTIF('＠MFP (LSI name)'!M22,"Analog*")>0,'＠MFP (LSI name)'!M22,OFFSET('＠グループ、表示名'!$H$4,MATCH('＠MFP (LSI name)'!M22,'＠グループ、表示名'!$D$4:$D$250,0)-1,0))) -> IRQ30 | N22: =IF('＠MFP (LSI name)'!N22="","",IF(COUNTIF('＠MFP (LSI name)'!N22,"Serial*")+COUNTIF('＠MFP (LSI name)'!N22,"Analog*")>0,'＠MFP (LSI name)'!N22,OFFSET('＠グループ、表示名'!$H$4,MATCH('＠MFP (LSI name)'!N22,'＠グループ、表示名'!$D$4:$D$250,0)-1,0))) -> IRQ36 | O22: =IF('＠MFP (LSI name)'!O22="","",IF(COUNTIF('＠MFP (LSI name)'!O22,"Serial*")+COUNTIF('＠MFP (LSI name)'!O22,"Analog*")>0,'＠MFP (LSI name)'!O22,OFFSET('＠グループ、表示名'!$H$4,MATCH('＠MFP (LSI name)'!O22,'＠グループ、表示名'!$D$4:$D$250,0)-1,0))) -> SIF1_SBI1 | P22: =IF('＠MFP (LSI name)'!P22="","",IF(COUNTIF('＠MFP (LSI name)'!P22,"Serial*")+COUNTIF('＠MFP (LSI name)'!P22,"Analog*")>0,'＠MFP (LSI name)'!P22,OFFSET('＠グループ、表示名'!$H$4,MATCH('＠MFP (LSI name)'!P22,'＠グループ、表示名'!$D$4:$D$250,0)-1,0))) -> SIF1_SBO1 | Q22: =IF('＠MFP (LSI name)'!Q22="","",IF(COUNTIF('＠MFP (LSI name)'!Q22,"Serial*")+COUNTIF('＠MFP (LSI name)'!Q22,"Analog*")>0,'＠MFP (LSI name)'!Q22,OFFSET('＠グループ、表示名'!$H$4,MATCH('＠MFP (LSI name)'!Q22,'＠グループ、表示名'!$D$4:$D$250,0)-1,0))) -> SIF1_SBT1 | R22: =IF('＠MFP (LSI name)'!R22="","",IF(COUNTIF('＠MFP (LSI name)'!R22,"Serial*")+COUNTIF('＠MFP (LSI name)'!R22,"Analog*")>0,'＠MFP (LSI name)'!R22,OFFSET('＠グループ、表示名'!$H$4,MATCH('＠MFP (LSI name)'!R22,'＠グループ、表示名'!$D$4:$D$250,0)-1,0))) | ... AK22: =IF('＠MFP (LSI name)'!AK22="","",IF(COUNTIF('＠MFP (LSI name)'!AK22,"Serial*")+COUNTIF('＠MFP (LSI name)'!AK22,"Analog*")>0,'＠MFP (LSI name)'!AK22,OFFSET('＠グループ、表示名'!$H$4,MATCH('＠MFP (LSI name)'!AK22,'＠グループ、表示名'!$D$4:$D$250,0)-1,0))) | AL22: =IF(COUNTIF(J22,"P*")>0,"IO"&LEFT(J22,2)&"MD["&RIGHT(J22,1)*4+3&"]","") -> IOPDMD[23] | AM22: =IF(COUNTIF(J22,"P*")>0,"IO"&LEFT(J22,2)&"MD["&RIGHT(J22,1)*4+2&"]","") -> IOPDMD[22] | AN22: =IF(COUNTIF(J22,"P*")>0,"IO"&LEFT(J22,2)&"MD["&RIGHT(J22,1)*4+1&"]","") -> IOPDMD[21] | AO22: =IF(COUNTIF(J22,"P*")>0,"IO"&LEFT(J22,2)&"MD["&RIGHT(J22,1)*4&"]","") -> IOPDMD[20]
A23: 21 | B23: 21 | C23: 18 | D23: 15 | F23: 21 | G23: 18 | H23: 15 | I23: GPD[4] | J23: PD.4 | K23: =IF('＠MFP (LSI name)'!K23="","",IF(COUNTIF('＠MFP (LSI name)'!K23,"Serial*")+COUNTIF('＠MFP (LSI name)'!K23,"Analog*")>0,'＠MFP (LSI name)'!K23,OFFSET('＠グループ、表示名'!$H$4,MATCH('＠MFP (LSI name)'!K23,'＠グループ、表示名'!$D$4:$D$250,0)-1,0))) -> IRQ02 | L23: =IF('＠MFP (LSI name)'!L23="","",IF(COUNTIF('＠MFP (LSI name)'!L23,"Serial*")+COUNTIF('＠MFP (LSI name)'!L23,"Analog*")>0,'＠MFP (LSI name)'!L23,OFFSET('＠グループ、表示名'!$H$4,MATCH('＠MFP (LSI name)'!L23,'＠グループ、表示名'!$D$4:$D$250,0)-1,0))) -> TM00B | M23: =IF('＠MFP (LSI name)'!M23="","",IF(COUNTIF('＠MFP (LSI name)'!M23,"Serial*")+COUNTIF('＠MFP (LSI name)'!M23,"Analog*")>0,'＠MFP (LSI name)'!M23,OFFSET('＠グループ、表示名'!$H$4,MATCH('＠MFP (LSI name)'!M23,'＠グループ、表示名'!$D$4:$D$250,0)-1,0))) -> TM06B | N23: =IF('＠MFP (LSI name)'!N23="","",IF(COUNTIF('＠MFP (LSI name)'!N23,"Serial*")+COUNTIF('＠MFP (LSI name)'!N23,"Analog*")>0,'＠MFP (LSI name)'!N23,OFFSET('＠グループ、表示名'!$H$4,MATCH('＠MFP (LSI name)'!N23,'＠グループ、表示名'!$D$4:$D$250,0)-1,0))) -> SIF1_SBO1 | O23: =IF('＠MFP (LSI name)'!O23="","",IF(COUNTIF('＠MFP (LSI name)'!O23,"Serial*")+COUNTIF('＠MFP (LSI name)'!O23,"Analog*")>0,'＠MFP (LSI name)'!O23,OFFSET('＠グループ、表示名'!$H$4,MATCH('＠MFP (LSI name)'!O23,'＠グループ、表示名'!$D$4:$D$250,0)-1,0))) -> SIF1_SBT1 | P23: =IF('＠MFP (LSI name)'!P23="","",IF(COUNTIF('＠MFP (LSI name)'!P23,"Serial*")+COUNTIF('＠MFP (LSI name)'!P23,"Analog*")>0,'＠MFP (LSI name)'!P23,OFFSET('＠グループ、表示名'!$H$4,MATCH('＠MFP (LSI name)'!P23,'＠グループ、表示名'!$D$4:$D$250,0)-1,0))) | Q23: =IF('＠MFP (LSI name)'!Q23="","",IF(COUNTIF('＠MFP (LSI name)'!Q23,"Serial*")+COUNTIF('＠MFP (LSI name)'!Q23,"Analog*")>0,'＠MFP (LSI name)'!Q23,OFFSET('＠グループ、表示名'!$H$4,MATCH('＠MFP (LSI name)'!Q23,'＠グループ、表示名'!$D$4:$D$250,0)-1,0))) | R23: =IF('＠MFP (LSI name)'!R23="","",IF(COUNTIF('＠MFP (LSI name)'!R23,"Serial*")+COUNTIF('＠MFP (LSI name)'!R23,"Analog*")>0,'＠MFP (LSI name)'!R23,OFFSET('＠グループ、表示名'!$H$4,MATCH('＠MFP (LSI name)'!R23,'＠グループ、表示名'!$D$4:$D$250,0)-1,0))) | ... AK23: =IF('＠MFP (LSI name)'!AK23="","",IF(COUNTIF('＠MFP (LSI name)'!AK23,"Serial*")+COUNTIF('＠MFP (LSI name)'!AK23,"Analog*")>0,'＠MFP (LSI name)'!AK23,OFFSET('＠グループ、表示名'!$H$4,MATCH('＠MFP (LSI name)'!AK23,'＠グループ、表示名'!$D$4:$D$250,0)-1,0))) | AL23: =IF(COUNTIF(J23,"P*")>0,"IO"&LEFT(J23,2)&"MD["&RIGHT(J23,1)*4+3&"]","") -> IOPDMD[19] | AM23: =IF(COUNTIF(J23,"P*")>0,"IO"&LEFT(J23,2)&"MD["&RIGHT(J23,1)*4+2&"]","") -> IOPDMD[18] | AN23: =IF(COUNTIF(J23,"P*")>0,"IO"&LEFT(J23,2)&"MD["&RIGHT(J23,1)*4+1&"]","") -> IOPDMD[17] | AO23: =IF(COUNTIF(J23,"P*")>0,"IO"&LEFT(J23,2)&"MD["&RIGHT(J23,1)*4&"]","") -> IOPDMD[16]
A24: 22 | B24: 22 | C24: 19 | D24: 16 | E24: 12 | I24: GPD[3] | J24: PD.3 | K24: =IF('＠MFP (LSI name)'!K24="","",IF(COUNTIF('＠MFP (LSI name)'!K24,"Serial*")+COUNTIF('＠MFP (LSI name)'!K24,"Analog*")>0,'＠MFP (LSI name)'!K24,OFFSET('＠グループ、表示名'!$H$4,MATCH('＠MFP (LSI name)'!K24,'＠グループ、表示名'!$D$4:$D$250,0)-1,0))) -> DBG_SWDD | L24: =IF('＠MFP (LSI name)'!L24="","",IF(COUNTIF('＠MFP (LSI name)'!L24,"Serial*")+COUNTIF('＠MFP (LSI name)'!L24,"Analog*")>0,'＠MFP (LSI name)'!L24,OFFSET('＠グループ、表示名'!$H$4,MATCH('＠MFP (LSI name)'!L24,'＠グループ、表示名'!$D$4:$D$250,0)-1,0))) -> TM00A | M24: =IF('＠MFP (LSI name)'!M24="","",IF(COUNTIF('＠MFP (LSI name)'!M24,"Serial*")+COUNTIF('＠MFP (LSI name)'!M24,"Analog*")>0,'＠MFP (LSI name)'!M24,OFFSET('＠グループ、表示名'!$H$4,MATCH('＠MFP (LSI name)'!M24,'＠グループ、表示名'!$D$4:$D$250,0)-1,0))) -> SIF1_SBI1 | N24: =IF('＠MFP (LSI name)'!N24="","",IF(COUNTIF('＠MFP (LSI name)'!N24,"Serial*")+COUNTIF('＠MFP (LSI name)'!N24,"Analog*")>0,'＠MFP (LSI name)'!N24,OFFSET('＠グループ、表示名'!$H$4,MATCH('＠MFP (LSI name)'!N24,'＠グループ、表示名'!$D$4:$D$250,0)-1,0))) -> SIF1_SBO1 | O24: =IF('＠MFP (LSI name)'!O24="","",IF(COUNTIF('＠MFP (LSI name)'!O24,"Serial*")+COUNTIF('＠MFP (LSI name)'!O24,"Analog*")>0,'＠MFP (LSI name)'!O24,OFFSET('＠グループ、表示名'!$H$4,MATCH('＠MFP (LSI name)'!O24,'＠グループ、表示名'!$D$4:$D$250,0)-1,0))) | P24: =IF('＠MFP (LSI name)'!P24="","",IF(COUNTIF('＠MFP (LSI name)'!P24,"Serial*")+COUNTIF('＠MFP (LSI name)'!P24,"Analog*")>0,'＠MFP (LSI name)'!P24,OFFSET('＠グループ、表示名'!$H$4,MATCH('＠MFP (LSI name)'!P24,'＠グループ、表示名'!$D$4:$D$250,0)-1,0))) | Q24: =IF('＠MFP (LSI name)'!Q24="","",IF(COUNTIF('＠MFP (LSI name)'!Q24,"Serial*")+COUNTIF('＠MFP (LSI name)'!Q24,"Analog*")>0,'＠MFP (LSI name)'!Q24,OFFSET('＠グループ、表示名'!$H$4,MATCH('＠MFP (LSI name)'!Q24,'＠グループ、表示名'!$D$4:$D$250,0)-1,0))) | R24: =IF('＠MFP (LSI name)'!R24="","",IF(COUNTIF('＠MFP (LSI name)'!R24,"Serial*")+COUNTIF('＠MFP (LSI name)'!R24,"Analog*")>0,'＠MFP (LSI name)'!R24,OFFSET('＠グループ、表示名'!$H$4,MATCH('＠MFP (LSI name)'!R24,'＠グループ、表示名'!$D$4:$D$250,0)-1,0))) | ... AK24: =IF('＠MFP (LSI name)'!AK24="","",IF(COUNTIF('＠MFP (LSI name)'!AK24,"Serial*")+COUNTIF('＠MFP (LSI name)'!AK24,"Analog*")>0,'＠MFP (LSI name)'!AK24,OFFSET('＠グループ、表示名'!$H$4,MATCH('＠MFP (LSI name)'!AK24,'＠グループ、表示名'!$D$4:$D$250,0)-1,0))) | AL24: =IF(COUNTIF(J24,"P*")>0,"IO"&LEFT(J24,2)&"MD["&RIGHT(J24,1)*4+3&"]","") -> IOPDMD[15] | AM24: =IF(COUNTIF(J24,"P*")>0,"IO"&LEFT(J24,2)&"MD["&RIGHT(J24,1)*4+2&"]","") -> IOPDMD[14] | AN24: =IF(COUNTIF(J24,"P*")>0,"IO"&LEFT(J24,2)&"MD["&RIGHT(J24,1)*4+1&"]","") -> IOPDMD[13] | AO24: =IF(COUNTIF(J24,"P*")>0,"IO"&LEFT(J24,2)&"MD["&RIGHT(J24,1)*4&"]","") -> IOPDMD[12]
A25: 22' | F25: 22 | G25: 19 | H25: 16 | I25: GPD[3] | J25: PD.3 | K25: =IF('＠MFP (LSI name)'!K25="","",IF(COUNTIF('＠MFP (LSI name)'!K25,"Serial*")+COUNTIF('＠MFP (LSI name)'!K25,"Analog*")>0,'＠MFP (LSI name)'!K25,OFFSET('＠グループ、表示名'!$H$4,MATCH('＠MFP (LSI name)'!K25,'＠グループ、表示名'!$D$4:$D$250,0)-1,0))) | L25: =IF('＠MFP (LSI name)'!L25="","",IF(COUNTIF('＠MFP (LSI name)'!L25,"Serial*")+COUNTIF('＠MFP (LSI name)'!L25,"Analog*")>0,'＠MFP (LSI name)'!L25,OFFSET('＠グループ、表示名'!$H$4,MATCH('＠MFP (LSI name)'!L25,'＠グループ、表示名'!$D$4:$D$250,0)-1,0))) -> TM00A | M25: =IF('＠MFP (LSI name)'!M25="","",IF(COUNTIF('＠MFP (LSI name)'!M25,"Serial*")+COUNTIF('＠MFP (LSI name)'!M25,"Analog*")>0,'＠MFP (LSI name)'!M25,OFFSET('＠グループ、表示名'!$H$4,MATCH('＠MFP (LSI name)'!M25,'＠グループ、表示名'!$D$4:$D$250,0)-1,0))) -> SIF1_SBI1 | N25: =IF('＠MFP (LSI name)'!N25="","",IF(COUNTIF('＠MFP (LSI name)'!N25,"Serial*")+COUNTIF('＠MFP (LSI name)'!N25,"Analog*")>0,'＠MFP (LSI name)'!N25,OFFSET('＠グループ、表示名'!$H$4,MATCH('＠MFP (LSI name)'!N25,'＠グループ、表示名'!$D$4:$D$250,0)-1,0))) -> SIF1_SBO1 | O25: =IF('＠MFP (LSI name)'!O25="","",IF(COUNTIF('＠MFP (LSI name)'!O25,"Serial*")+COUNTIF('＠MFP (LSI name)'!O25,"Analog*")>0,'＠MFP (LSI name)'!O25,OFFSET('＠グループ、表示名'!$H$4,MATCH('＠MFP (LSI name)'!O25,'＠グループ、表示名'!$D$4:$D$250,0)-1,0))) | P25: =IF('＠MFP (LSI name)'!P25="","",IF(COUNTIF('＠MFP (LSI name)'!P25,"Serial*")+COUNTIF('＠MFP (LSI name)'!P25,"Analog*")>0,'＠MFP (LSI name)'!P25,OFFSET('＠グループ、表示名'!$H$4,MATCH('＠MFP (LSI name)'!P25,'＠グループ、表示名'!$D$4:$D$250,0)-1,0))) | Q25: =IF('＠MFP (LSI name)'!Q25="","",IF(COUNTIF('＠MFP (LSI name)'!Q25,"Serial*")+COUNTIF('＠MFP (LSI name)'!Q25,"Analog*")>0,'＠MFP (LSI name)'!Q25,OFFSET('＠グループ、表示名'!$H$4,MATCH('＠MFP (LSI name)'!Q25,'＠グループ、表示名'!$D$4:$D$250,0)-1,0))) | R25: =IF('＠MFP (LSI name)'!R25="","",IF(COUNTIF('＠MFP (LSI name)'!R25,"Serial*")+COUNTIF('＠MFP (LSI name)'!R25,"Analog*")>0,'＠MFP (LSI name)'!R25,OFFSET('＠グループ、表示名'!$H$4,MATCH('＠MFP (LSI name)'!R25,'＠グループ、表示名'!$D$4:$D$250,0)-1,0))) | ... AK25: =IF('＠MFP (LSI name)'!AK25="","",IF(COUNTIF('＠MFP (LSI name)'!AK25,"Serial*")+COUNTIF('＠MFP (LSI name)'!AK25,"Analog*")>0,'＠MFP (LSI name)'!AK25,OFFSET('＠グループ、表示名'!$H$4,MATCH('＠MFP (LSI name)'!AK25,'＠グループ、表示名'!$D$4:$D$250,0)-1,0))) | AL25: =IF(COUNTIF(J25,"P*")>0,"IO"&LEFT(J25,2)&"MD["&RIGHT(J25,1)*4+3&"]","") -> IOPDMD[15] | AM25: =IF(COUNTIF(J25,"P*")>0,"IO"&LEFT(J25,2)&"MD["&RIGHT(J25,1)*4+2&"]","") -> IOPDMD[14] | AN25: =IF(COUNTIF(J25,"P*")>0,"IO"&LEFT(J25,2)&"MD["&RIGHT(J25,1)*4+1&"]","") -> IOPDMD[13] | AO25: =IF(COUNTIF(J25,"P*")>0,"IO"&LEFT(J25,2)&"MD["&RIGHT(J25,1)*4&"]","") -> IOPDMD[12]
A26: 23 | B26: 23 | C26: 20 | F26: 23 | G26: 20 | I26: GPD[2] | J26: PD.2 | K26: =IF('＠MFP (LSI name)'!K26="","",IF(COUNTIF('＠MFP (LSI name)'!K26,"Serial*")+COUNTIF('＠MFP (LSI name)'!K26,"Analog*")>0,'＠MFP (LSI name)'!K26,OFFSET('＠グループ、表示名'!$H$4,MATCH('＠MFP (LSI name)'!K26,'＠グループ、表示名'!$D$4:$D$250,0)-1,0))) -> TM01B | L26: =IF('＠MFP (LSI name)'!L26="","",IF(COUNTIF('＠MFP (LSI name)'!L26,"Serial*")+COUNTIF('＠MFP (LSI name)'!L26,"Analog*")>0,'＠MFP (LSI name)'!L26,OFFSET('＠グループ、表示名'!$H$4,MATCH('＠MFP (LSI name)'!L26,'＠グループ、表示名'!$D$4:$D$250,0)-1,0))) -> TM04A | M26: =IF('＠MFP (LSI name)'!M26="","",IF(COUNTIF('＠MFP (LSI name)'!M26,"Serial*")+COUNTIF('＠MFP (LSI name)'!M26,"Analog*")>0,'＠MFP (LSI name)'!M26,OFFSET('＠グループ、表示名'!$H$4,MATCH('＠MFP (LSI name)'!M26,'＠グループ、表示名'!$D$4:$D$250,0)-1,0))) -> SIF3_SBI3 | N26: =IF('＠MFP (LSI name)'!N26="","",IF(COUNTIF('＠MFP (LSI name)'!N26,"Serial*")+COUNTIF('＠MFP (LSI name)'!N26,"Analog*")>0,'＠MFP (LSI name)'!N26,OFFSET('＠グループ、表示名'!$H$4,MATCH('＠MFP (LSI name)'!N26,'＠グループ、表示名'!$D$4:$D$250,0)-1,0))) -> SIF3_SBO3 | O26: =IF('＠MFP (LSI name)'!O26="","",IF(COUNTIF('＠MFP (LSI name)'!O26,"Serial*")+COUNTIF('＠MFP (LSI name)'!O26,"Analog*")>0,'＠MFP (LSI name)'!O26,OFFSET('＠グループ、表示名'!$H$4,MATCH('＠MFP (LSI name)'!O26,'＠グループ、表示名'!$D$4:$D$250,0)-1,0))) -> SIF0_SBT0 | P26: =IF('＠MFP (LSI name)'!P26="","",IF(COUNTIF('＠MFP (LSI name)'!P26,"Serial*")+COUNTIF('＠MFP (LSI name)'!P26,"Analog*")>0,'＠MFP (LSI name)'!P26,OFFSET('＠グループ、表示名'!$H$4,MATCH('＠MFP (LSI name)'!P26,'＠グループ、表示名'!$D$4:$D$250,0)-1,0))) | Q26: =IF('＠MFP (LSI name)'!Q26="","",IF(COUNTIF('＠MFP (LSI name)'!Q26,"Serial*")+COUNTIF('＠MFP (LSI name)'!Q26,"Analog*")>0,'＠MFP (LSI name)'!Q26,OFFSET('＠グループ、表示名'!$H$4,MATCH('＠MFP (LSI name)'!Q26,'＠グループ、表示名'!$D$4:$D$250,0)-1,0))) | R26: =IF('＠MFP (LSI name)'!R26="","",IF(COUNTIF('＠MFP (LSI name)'!R26,"Serial*")+COUNTIF('＠MFP (LSI name)'!R26,"Analog*")>0,'＠MFP (LSI name)'!R26,OFFSET('＠グループ、表示名'!$H$4,MATCH('＠MFP (LSI name)'!R26,'＠グループ、表示名'!$D$4:$D$250,0)-1,0))) | ... AK26: =IF('＠MFP (LSI name)'!AK26="","",IF(COUNTIF('＠MFP (LSI name)'!AK26,"Serial*")+COUNTIF('＠MFP (LSI name)'!AK26,"Analog*")>0,'＠MFP (LSI name)'!AK26,OFFSET('＠グループ、表示名'!$H$4,MATCH('＠MFP (LSI name)'!AK26,'＠グループ、表示名'!$D$4:$D$250,0)-1,0))) | AL26: =IF(COUNTIF(J26,"P*")>0,"IO"&LEFT(J26,2)&"MD["&RIGHT(J26,1)*4+3&"]","") -> IOPDMD[11] | AM26: =IF(COUNTIF(J26,"P*")>0,"IO"&LEFT(J26,2)&"MD["&RIGHT(J26,1)*4+2&"]","") -> IOPDMD[10] | AN26: =IF(COUNTIF(J26,"P*")>0,"IO"&LEFT(J26,2)&"MD["&RIGHT(J26,1)*4+1&"]","") -> IOPDMD[9] | AO26: =IF(COUNTIF(J26,"P*")>0,"IO"&LEFT(J26,2)&"MD["&RIGHT(J26,1)*4&"]","") -> IOPDMD[8]
A27: 24 | B27: 24 | F27: 24 | I27: GPD[1] | J27: PD.1 | K27: =IF('＠MFP (LSI name)'!K27="","",IF(COUNTIF('＠MFP (LSI name)'!K27,"Serial*")+COUNTIF('＠MFP (LSI name)'!K27,"Analog*")>0,'＠MFP (LSI name)'!K27,OFFSET('＠グループ、表示名'!$H$4,MATCH('＠MFP (LSI name)'!K27,'＠グループ、表示名'!$D$4:$D$250,0)-1,0))) -> TM02A | L27: =IF('＠MFP (LSI name)'!L27="","",IF(COUNTIF('＠MFP (LSI name)'!L27,"Serial*")+COUNTIF('＠MFP (LSI name)'!L27,"Analog*")>0,'＠MFP (LSI name)'!L27,OFFSET('＠グループ、表示名'!$H$4,MATCH('＠MFP (LSI name)'!L27,'＠グループ、表示名'!$D$4:$D$250,0)-1,0))) -> SIF3_SBI3 | M27: =IF('＠MFP (LSI name)'!M27="","",IF(COUNTIF('＠MFP (LSI name)'!M27,"Serial*")+COUNTIF('＠MFP (LSI name)'!M27,"Analog*")>0,'＠MFP (LSI name)'!M27,OFFSET('＠グループ、表示名'!$H$4,MATCH('＠MFP (LSI name)'!M27,'＠グループ、表示名'!$D$4:$D$250,0)-1,0))) -> SIF3_SBO3 | N27: =IF('＠MFP (LSI name)'!N27="","",IF(COUNTIF('＠MFP (LSI name)'!N27,"Serial*")+COUNTIF('＠MFP (LSI name)'!N27,"Analog*")>0,'＠MFP (LSI name)'!N27,OFFSET('＠グループ、表示名'!$H$4,MATCH('＠MFP (LSI name)'!N27,'＠グループ、表示名'!$D$4:$D$250,0)-1,0))) | O27: =IF('＠MFP (LSI name)'!O27="","",IF(COUNTIF('＠MFP (LSI name)'!O27,"Serial*")+COUNTIF('＠MFP (LSI name)'!O27,"Analog*")>0,'＠MFP (LSI name)'!O27,OFFSET('＠グループ、表示名'!$H$4,MATCH('＠MFP (LSI name)'!O27,'＠グループ、表示名'!$D$4:$D$250,0)-1,0))) | P27: =IF('＠MFP (LSI name)'!P27="","",IF(COUNTIF('＠MFP (LSI name)'!P27,"Serial*")+COUNTIF('＠MFP (LSI name)'!P27,"Analog*")>0,'＠MFP (LSI name)'!P27,OFFSET('＠グループ、表示名'!$H$4,MATCH('＠MFP (LSI name)'!P27,'＠グループ、表示名'!$D$4:$D$250,0)-1,0))) | Q27: =IF('＠MFP (LSI name)'!Q27="","",IF(COUNTIF('＠MFP (LSI name)'!Q27,"Serial*")+COUNTIF('＠MFP (LSI name)'!Q27,"Analog*")>0,'＠MFP (LSI name)'!Q27,OFFSET('＠グループ、表示名'!$H$4,MATCH('＠MFP (LSI name)'!Q27,'＠グループ、表示名'!$D$4:$D$250,0)-1,0))) | R27: =IF('＠MFP (LSI name)'!R27="","",IF(COUNTIF('＠MFP (LSI name)'!R27,"Serial*")+COUNTIF('＠MFP (LSI name)'!R27,"Analog*")>0,'＠MFP (LSI name)'!R27,OFFSET('＠グループ、表示名'!$H$4,MATCH('＠MFP (LSI name)'!R27,'＠グループ、表示名'!$D$4:$D$250,0)-1,0))) | ... AK27: =IF('＠MFP (LSI name)'!AK27="","",IF(COUNTIF('＠MFP (LSI name)'!AK27,"Serial*")+COUNTIF('＠MFP (LSI name)'!AK27,"Analog*")>0,'＠MFP (LSI name)'!AK27,OFFSET('＠グループ、表示名'!$H$4,MATCH('＠MFP (LSI name)'!AK27,'＠グループ、表示名'!$D$4:$D$250,0)-1,0))) | AL27: =IF(COUNTIF(J27,"P*")>0,"IO"&LEFT(J27,2)&"MD["&RIGHT(J27,1)*4+3&"]","") -> IOPDMD[7] | AM27: =IF(COUNTIF(J27,"P*")>0,"IO"&LEFT(J27,2)&"MD["&RIGHT(J27,1)*4+2&"]","") -> IOPDMD[6] | AN27: =IF(COUNTIF(J27,"P*")>0,"IO"&LEFT(J27,2)&"MD["&RIGHT(J27,1)*4+1&"]","") -> IOPDMD[5] | AO27: =IF(COUNTIF(J27,"P*")>0,"IO"&LEFT(J27,2)&"MD["&RIGHT(J27,1)*4&"]","") -> IOPDMD[4]
A28: 25 | B28: 25 | F28: 25 | I28: GPD[0] | J28: PD.0 | K28: =IF('＠MFP (LSI name)'!K28="","",IF(COUNTIF('＠MFP (LSI name)'!K28,"Serial*")+COUNTIF('＠MFP (LSI name)'!K28,"Analog*")>0,'＠MFP (LSI name)'!K28,OFFSET('＠グループ、表示名'!$H$4,MATCH('＠MFP (LSI name)'!K28,'＠グループ、表示名'!$D$4:$D$250,0)-1,0))) -> TM06A | L28: =IF('＠MFP (LSI name)'!L28="","",IF(COUNTIF('＠MFP (LSI name)'!L28,"Serial*")+COUNTIF('＠MFP (LSI name)'!L28,"Analog*")>0,'＠MFP (LSI name)'!L28,OFFSET('＠グループ、表示名'!$H$4,MATCH('＠MFP (LSI name)'!L28,'＠グループ、表示名'!$D$4:$D$250,0)-1,0))) -> SIF3_SBT3 | M28: =IF('＠MFP (LSI name)'!M28="","",IF(COUNTIF('＠MFP (LSI name)'!M28,"Serial*")+COUNTIF('＠MFP (LSI name)'!M28,"Analog*")>0,'＠MFP (LSI name)'!M28,OFFSET('＠グループ、表示名'!$H$4,MATCH('＠MFP (LSI name)'!M28,'＠グループ、表示名'!$D$4:$D$250,0)-1,0))) | N28: =IF('＠MFP (LSI name)'!N28="","",IF(COUNTIF('＠MFP (LSI name)'!N28,"Serial*")+COUNTIF('＠MFP (LSI name)'!N28,"Analog*")>0,'＠MFP (LSI name)'!N28,OFFSET('＠グループ、表示名'!$H$4,MATCH('＠MFP (LSI name)'!N28,'＠グループ、表示名'!$D$4:$D$250,0)-1,0))) | O28: =IF('＠MFP (LSI name)'!O28="","",IF(COUNTIF('＠MFP (LSI name)'!O28,"Serial*")+COUNTIF('＠MFP (LSI name)'!O28,"Analog*")>0,'＠MFP (LSI name)'!O28,OFFSET('＠グループ、表示名'!$H$4,MATCH('＠MFP (LSI name)'!O28,'＠グループ、表示名'!$D$4:$D$250,0)-1,0))) | P28: =IF('＠MFP (LSI name)'!P28="","",IF(COUNTIF('＠MFP (LSI name)'!P28,"Serial*")+COUNTIF('＠MFP (LSI name)'!P28,"Analog*")>0,'＠MFP (LSI name)'!P28,OFFSET('＠グループ、表示名'!$H$4,MATCH('＠MFP (LSI name)'!P28,'＠グループ、表示名'!$D$4:$D$250,0)-1,0))) | Q28: =IF('＠MFP (LSI name)'!Q28="","",IF(COUNTIF('＠MFP (LSI name)'!Q28,"Serial*")+COUNTIF('＠MFP (LSI name)'!Q28,"Analog*")>0,'＠MFP (LSI name)'!Q28,OFFSET('＠グループ、表示名'!$H$4,MATCH('＠MFP (LSI name)'!Q28,'＠グループ、表示名'!$D$4:$D$250,0)-1,0))) | R28: =IF('＠MFP (LSI name)'!R28="","",IF(COUNTIF('＠MFP (LSI name)'!R28,"Serial*")+COUNTIF('＠MFP (LSI name)'!R28,"Analog*")>0,'＠MFP (LSI name)'!R28,OFFSET('＠グループ、表示名'!$H$4,MATCH('＠MFP (LSI name)'!R28,'＠グループ、表示名'!$D$4:$D$250,0)-1,0))) | ... AK28: =IF('＠MFP (LSI name)'!AK28="","",IF(COUNTIF('＠MFP (LSI name)'!AK28,"Serial*")+COUNTIF('＠MFP (LSI name)'!AK28,"Analog*")>0,'＠MFP (LSI name)'!AK28,OFFSET('＠グループ、表示名'!$H$4,MATCH('＠MFP (LSI name)'!AK28,'＠グループ、表示名'!$D$4:$D$250,0)-1,0))) | AL28: =IF(COUNTIF(J28,"P*")>0,"IO"&LEFT(J28,2)&"MD["&RIGHT(J28,1)*4+3&"]","") -> IOPDMD[3] | AM28: =IF(COUNTIF(J28,"P*")>0,"IO"&LEFT(J28,2)&"MD["&RIGHT(J28,1)*4+2&"]","") -> IOPDMD[2] | AN28: =IF(COUNTIF(J28,"P*")>0,"IO"&LEFT(J28,2)&"MD["&RIGHT(J28,1)*4+1&"]","") -> IOPDMD[1] | AO28: =IF(COUNTIF(J28,"P*")>0,"IO"&LEFT(J28,2)&"MD["&RIGHT(J28,1)*4&"]","") -> IOPDMD[0]
A29: 26 | B29: 26 | F29: 26 | I29: GPB[7] | J29: PB.7 | K29: =IF('＠MFP (LSI name)'!K29="","",IF(COUNTIF('＠MFP (LSI name)'!K29,"Serial*")+COUNTIF('＠MFP (LSI name)'!K29,"Analog*")>0,'＠MFP (LSI name)'!K29,OFFSET('＠グループ、表示名'!$H$4,MATCH('＠MFP (LSI name)'!K29,'＠グループ、表示名'!$D$4:$D$250,0)-1,0))) -> SIF0_SBT0 | L29: =IF('＠MFP (LSI name)'!L29="","",IF(COUNTIF('＠MFP (LSI name)'!L29,"Serial*")+COUNTIF('＠MFP (LSI name)'!L29,"Analog*")>0,'＠MFP (LSI name)'!L29,OFFSET('＠グループ、表示名'!$H$4,MATCH('＠MFP (LSI name)'!L29,'＠グループ、表示名'!$D$4:$D$250,0)-1,0))) | M29: =IF('＠MFP (LSI name)'!M29="","",IF(COUNTIF('＠MFP (LSI name)'!M29,"Serial*")+COUNTIF('＠MFP (LSI name)'!M29,"Analog*")>0,'＠MFP (LSI name)'!M29,OFFSET('＠グループ、表示名'!$H$4,MATCH('＠MFP (LSI name)'!M29,'＠グループ、表示名'!$D$4:$D$250,0)-1,0))) | N29: =IF('＠MFP (LSI name)'!N29="","",IF(COUNTIF('＠MFP (LSI name)'!N29,"Serial*")+COUNTIF('＠MFP (LSI name)'!N29,"Analog*")>0,'＠MFP (LSI name)'!N29,OFFSET('＠グループ、表示名'!$H$4,MATCH('＠MFP (LSI name)'!N29,'＠グループ、表示名'!$D$4:$D$250,0)-1,0))) | O29: =IF('＠MFP (LSI name)'!O29="","",IF(COUNTIF('＠MFP (LSI name)'!O29,"Serial*")+COUNTIF('＠MFP (LSI name)'!O29,"Analog*")>0,'＠MFP (LSI name)'!O29,OFFSET('＠グループ、表示名'!$H$4,MATCH('＠MFP (LSI name)'!O29,'＠グループ、表示名'!$D$4:$D$250,0)-1,0))) | P29: =IF('＠MFP (LSI name)'!P29="","",IF(COUNTIF('＠MFP (LSI name)'!P29,"Serial*")+COUNTIF('＠MFP (LSI name)'!P29,"Analog*")>0,'＠MFP (LSI name)'!P29,OFFSET('＠グループ、表示名'!$H$4,MATCH('＠MFP (LSI name)'!P29,'＠グループ、表示名'!$D$4:$D$250,0)-1,0))) | Q29: =IF('＠MFP (LSI name)'!Q29="","",IF(COUNTIF('＠MFP (LSI name)'!Q29,"Serial*")+COUNTIF('＠MFP (LSI name)'!Q29,"Analog*")>0,'＠MFP (LSI name)'!Q29,OFFSET('＠グループ、表示名'!$H$4,MATCH('＠MFP (LSI name)'!Q29,'＠グループ、表示名'!$D$4:$D$250,0)-1,0))) | R29: =IF('＠MFP (LSI name)'!R29="","",IF(COUNTIF('＠MFP (LSI name)'!R29,"Serial*")+COUNTIF('＠MFP (LSI name)'!R29,"Analog*")>0,'＠MFP (LSI name)'!R29,OFFSET('＠グループ、表示名'!$H$4,MATCH('＠MFP (LSI name)'!R29,'＠グループ、表示名'!$D$4:$D$250,0)-1,0))) | ... AK29: =IF('＠MFP (LSI name)'!AK29="","",IF(COUNTIF('＠MFP (LSI name)'!AK29,"Serial*")+COUNTIF('＠MFP (LSI name)'!AK29,"Analog*")>0,'＠MFP (LSI name)'!AK29,OFFSET('＠グループ、表示名'!$H$4,MATCH('＠MFP (LSI name)'!AK29,'＠グループ、表示名'!$D$4:$D$250,0)-1,0))) | AL29: =IF(COUNTIF(J29,"P*")>0,"IO"&LEFT(J29,2)&"MD["&RIGHT(J29,1)*4+3&"]","") -> IOPBMD[31] | AM29: =IF(COUNTIF(J29,"P*")>0,"IO"&LEFT(J29,2)&"MD["&RIGHT(J29,1)*4+2&"]","") -> IOPBMD[30] | AN29: =IF(COUNTIF(J29,"P*")>0,"IO"&LEFT(J29,2)&"MD["&RIGHT(J29,1)*4+1&"]","") -> IOPBMD[29] | AO29: =IF(COUNTIF(J29,"P*")>0,"IO"&LEFT(J29,2)&"MD["&RIGHT(J29,1)*4&"]","") -> IOPBMD[28]
A30: 27 | B30: 27 | C30: 21 | D30: 17 | I30: GPB[6] | J30: PB.6 | K30: =IF('＠MFP (LSI name)'!K30="","",IF(COUNTIF('＠MFP (LSI name)'!K30,"Serial*")+COUNTIF('＠MFP (LSI name)'!K30,"Analog*")>0,'＠MFP (LSI name)'!K30,OFFSET('＠グループ、表示名'!$H$4,MATCH('＠MFP (LSI name)'!K30,'＠グループ、表示名'!$D$4:$D$250,0)-1,0))) -> GPWM7_GPWM71 | L30: =IF('＠MFP (LSI name)'!L30="","",IF(COUNTIF('＠MFP (LSI name)'!L30,"Serial*")+COUNTIF('＠MFP (LSI name)'!L30,"Analog*")>0,'＠MFP (LSI name)'!L30,OFFSET('＠グループ、表示名'!$H$4,MATCH('＠MFP (LSI name)'!L30,'＠グループ、表示名'!$D$4:$D$250,0)-1,0))) -> IRQ05 | M30: =IF('＠MFP (LSI name)'!M30="","",IF(COUNTIF('＠MFP (LSI name)'!M30,"Serial*")+COUNTIF('＠MFP (LSI name)'!M30,"Analog*")>0,'＠MFP (LSI name)'!M30,OFFSET('＠グループ、表示名'!$H$4,MATCH('＠MFP (LSI name)'!M30,'＠グループ、表示名'!$D$4:$D$250,0)-1,0))) -> SIF0_SBI0 | N30: =IF('＠MFP (LSI name)'!N30="","",IF(COUNTIF('＠MFP (LSI name)'!N30,"Serial*")+COUNTIF('＠MFP (LSI name)'!N30,"Analog*")>0,'＠MFP (LSI name)'!N30,OFFSET('＠グループ、表示名'!$H$4,MATCH('＠MFP (LSI name)'!N30,'＠グループ、表示名'!$D$4:$D$250,0)-1,0))) -> SIF0_SBO0 | O30: =IF('＠MFP (LSI name)'!O30="","",IF(COUNTIF('＠MFP (LSI name)'!O30,"Serial*")+COUNTIF('＠MFP (LSI name)'!O30,"Analog*")>0,'＠MFP (LSI name)'!O30,OFFSET('＠グループ、表示名'!$H$4,MATCH('＠MFP (LSI name)'!O30,'＠グループ、表示名'!$D$4:$D$250,0)-1,0))) -> SIF0_SBT0 | P30: =IF('＠MFP (LSI name)'!P30="","",IF(COUNTIF('＠MFP (LSI name)'!P30,"Serial*")+COUNTIF('＠MFP (LSI name)'!P30,"Analog*")>0,'＠MFP (LSI name)'!P30,OFFSET('＠グループ、表示名'!$H$4,MATCH('＠MFP (LSI name)'!P30,'＠グループ、表示名'!$D$4:$D$250,0)-1,0))) | Q30: =IF('＠MFP (LSI name)'!Q30="","",IF(COUNTIF('＠MFP (LSI name)'!Q30,"Serial*")+COUNTIF('＠MFP (LSI name)'!Q30,"Analog*")>0,'＠MFP (LSI name)'!Q30,OFFSET('＠グループ、表示名'!$H$4,MATCH('＠MFP (LSI name)'!Q30,'＠グループ、表示名'!$D$4:$D$250,0)-1,0))) | R30: =IF('＠MFP (LSI name)'!R30="","",IF(COUNTIF('＠MFP (LSI name)'!R30,"Serial*")+COUNTIF('＠MFP (LSI name)'!R30,"Analog*")>0,'＠MFP (LSI name)'!R30,OFFSET('＠グループ、表示名'!$H$4,MATCH('＠MFP (LSI name)'!R30,'＠グループ、表示名'!$D$4:$D$250,0)-1,0))) | ... AK30: =IF('＠MFP (LSI name)'!AK30="","",IF(COUNTIF('＠MFP (LSI name)'!AK30,"Serial*")+COUNTIF('＠MFP (LSI name)'!AK30,"Analog*")>0,'＠MFP (LSI name)'!AK30,OFFSET('＠グループ、表示名'!$H$4,MATCH('＠MFP (LSI name)'!AK30,'＠グループ、表示名'!$D$4:$D$250,0)-1,0))) | AL30: =IF(COUNTIF(J30,"P*")>0,"IO"&LEFT(J30,2)&"MD["&RIGHT(J30,1)*4+3&"]","") -> IOPBMD[27] | AM30: =IF(COUNTIF(J30,"P*")>0,"IO"&LEFT(J30,2)&"MD["&RIGHT(J30,1)*4+2&"]","") -> IOPBMD[26] | AN30: =IF(COUNTIF(J30,"P*")>0,"IO"&LEFT(J30,2)&"MD["&RIGHT(J30,1)*4+1&"]","") -> IOPBMD[25] | AO30: =IF(COUNTIF(J30,"P*")>0,"IO"&LEFT(J30,2)&"MD["&RIGHT(J30,1)*4&"]","") -> IOPBMD[24]
A31: 27' | F31: 27 | G31: 21 | H31: 17 | I31: GPB[6] | J31: PB.6 | K31: =IF('＠MFP (LSI name)'!K31="","",IF(COUNTIF('＠MFP (LSI name)'!K31,"Serial*")+COUNTIF('＠MFP (LSI name)'!K31,"Analog*")>0,'＠MFP (LSI name)'!K31,OFFSET('＠グループ、表示名'!$H$4,MATCH('＠MFP (LSI name)'!K31,'＠グループ、表示名'!$D$4:$D$250,0)-1,0))) -> GPWM7_GPWM71 | L31: =IF('＠MFP (LSI name)'!L31="","",IF(COUNTIF('＠MFP (LSI name)'!L31,"Serial*")+COUNTIF('＠MFP (LSI name)'!L31,"Analog*")>0,'＠MFP (LSI name)'!L31,OFFSET('＠グループ、表示名'!$H$4,MATCH('＠MFP (LSI name)'!L31,'＠グループ、表示名'!$D$4:$D$250,0)-1,0))) -> IRQ05 | M31: =IF('＠MFP (LSI name)'!M31="","",IF(COUNTIF('＠MFP (LSI name)'!M31,"Serial*")+COUNTIF('＠MFP (LSI name)'!M31,"Analog*")>0,'＠MFP (LSI name)'!M31,OFFSET('＠グループ、表示名'!$H$4,MATCH('＠MFP (LSI name)'!M31,'＠グループ、表示名'!$D$4:$D$250,0)-1,0))) -> SIF0_SBI0 | N31: =IF('＠MFP (LSI name)'!N31="","",IF(COUNTIF('＠MFP (LSI name)'!N31,"Serial*")+COUNTIF('＠MFP (LSI name)'!N31,"Analog*")>0,'＠MFP (LSI name)'!N31,OFFSET('＠グループ、表示名'!$H$4,MATCH('＠MFP (LSI name)'!N31,'＠グループ、表示名'!$D$4:$D$250,0)-1,0))) -> SIF0_SBO0 | O31: =IF('＠MFP (LSI name)'!O31="","",IF(COUNTIF('＠MFP (LSI name)'!O31,"Serial*")+COUNTIF('＠MFP (LSI name)'!O31,"Analog*")>0,'＠MFP (LSI name)'!O31,OFFSET('＠グループ、表示名'!$H$4,MATCH('＠MFP (LSI name)'!O31,'＠グループ、表示名'!$D$4:$D$250,0)-1,0))) -> SIF0_SBT0 | P31: =IF('＠MFP (LSI name)'!P31="","",IF(COUNTIF('＠MFP (LSI name)'!P31,"Serial*")+COUNTIF('＠MFP (LSI name)'!P31,"Analog*")>0,'＠MFP (LSI name)'!P31,OFFSET('＠グループ、表示名'!$H$4,MATCH('＠MFP (LSI name)'!P31,'＠グループ、表示名'!$D$4:$D$250,0)-1,0))) | Q31: =IF('＠MFP (LSI name)'!Q31="","",IF(COUNTIF('＠MFP (LSI name)'!Q31,"Serial*")+COUNTIF('＠MFP (LSI name)'!Q31,"Analog*")>0,'＠MFP (LSI name)'!Q31,OFFSET('＠グループ、表示名'!$H$4,MATCH('＠MFP (LSI name)'!Q31,'＠グループ、表示名'!$D$4:$D$250,0)-1,0))) | R31: =IF('＠MFP (LSI name)'!R31="","",IF(COUNTIF('＠MFP (LSI name)'!R31,"Serial*")+COUNTIF('＠MFP (LSI name)'!R31,"Analog*")>0,'＠MFP (LSI name)'!R31,OFFSET('＠グループ、表示名'!$H$4,MATCH('＠MFP (LSI name)'!R31,'＠グループ、表示名'!$D$4:$D$250,0)-1,0))) | ... AK31: =IF('＠MFP (LSI name)'!AK31="","",IF(COUNTIF('＠MFP (LSI name)'!AK31,"Serial*")+COUNTIF('＠MFP (LSI name)'!AK31,"Analog*")>0,'＠MFP (LSI name)'!AK31,OFFSET('＠グループ、表示名'!$H$4,MATCH('＠MFP (LSI name)'!AK31,'＠グループ、表示名'!$D$4:$D$250,0)-1,0))) | AL31: =IF(COUNTIF(J31,"P*")>0,"IO"&LEFT(J31,2)&"MD["&RIGHT(J31,1)*4+3&"]","") -> IOPBMD[27] | AM31: =IF(COUNTIF(J31,"P*")>0,"IO"&LEFT(J31,2)&"MD["&RIGHT(J31,1)*4+2&"]","") -> IOPBMD[26] | AN31: =IF(COUNTIF(J31,"P*")>0,"IO"&LEFT(J31,2)&"MD["&RIGHT(J31,1)*4+1&"]","") -> IOPBMD[25] | AO31: =IF(COUNTIF(J31,"P*")>0,"IO"&LEFT(J31,2)&"MD["&RIGHT(J31,1)*4&"]","") -> IOPBMD[24]
A32: 28 | B32: 28 | C32: 22 | D32: 18 | I32: GPB[5] | J32: PB.5 | K32: =IF('＠MFP (LSI name)'!K32="","",IF(COUNTIF('＠MFP (LSI name)'!K32,"Serial*")+COUNTIF('＠MFP (LSI name)'!K32,"Analog*")>0,'＠MFP (LSI name)'!K32,OFFSET('＠グループ、表示名'!$H$4,MATCH('＠MFP (LSI name)'!K32,'＠グループ、表示名'!$D$4:$D$250,0)-1,0))) -> GPWM6_GPWM61 | L32: =IF('＠MFP (LSI name)'!L32="","",IF(COUNTIF('＠MFP (LSI name)'!L32,"Serial*")+COUNTIF('＠MFP (LSI name)'!L32,"Analog*")>0,'＠MFP (LSI name)'!L32,OFFSET('＠グループ、表示名'!$H$4,MATCH('＠MFP (LSI name)'!L32,'＠グループ、表示名'!$D$4:$D$250,0)-1,0))) -> SIF0_SBI0 | M32: =IF('＠MFP (LSI name)'!M32="","",IF(COUNTIF('＠MFP (LSI name)'!M32,"Serial*")+COUNTIF('＠MFP (LSI name)'!M32,"Analog*")>0,'＠MFP (LSI name)'!M32,OFFSET('＠グループ、表示名'!$H$4,MATCH('＠MFP (LSI name)'!M32,'＠グループ、表示名'!$D$4:$D$250,0)-1,0))) -> SIF0_SBO0 | N32: =IF('＠MFP (LSI name)'!N32="","",IF(COUNTIF('＠MFP (LSI name)'!N32,"Serial*")+COUNTIF('＠MFP (LSI name)'!N32,"Analog*")>0,'＠MFP (LSI name)'!N32,OFFSET('＠グループ、表示名'!$H$4,MATCH('＠MFP (LSI name)'!N32,'＠グループ、表示名'!$D$4:$D$250,0)-1,0))) | O32: =IF('＠MFP (LSI name)'!O32="","",IF(COUNTIF('＠MFP (LSI name)'!O32,"Serial*")+COUNTIF('＠MFP (LSI name)'!O32,"Analog*")>0,'＠MFP (LSI name)'!O32,OFFSET('＠グループ、表示名'!$H$4,MATCH('＠MFP (LSI name)'!O32,'＠グループ、表示名'!$D$4:$D$250,0)-1,0))) | P32: =IF('＠MFP (LSI name)'!P32="","",IF(COUNTIF('＠MFP (LSI name)'!P32,"Serial*")+COUNTIF('＠MFP (LSI name)'!P32,"Analog*")>0,'＠MFP (LSI name)'!P32,OFFSET('＠グループ、表示名'!$H$4,MATCH('＠MFP (LSI name)'!P32,'＠グループ、表示名'!$D$4:$D$250,0)-1,0))) | Q32: =IF('＠MFP (LSI name)'!Q32="","",IF(COUNTIF('＠MFP (LSI name)'!Q32,"Serial*")+COUNTIF('＠MFP (LSI name)'!Q32,"Analog*")>0,'＠MFP (LSI name)'!Q32,OFFSET('＠グループ、表示名'!$H$4,MATCH('＠MFP (LSI name)'!Q32,'＠グループ、表示名'!$D$4:$D$250,0)-1,0))) | R32: =IF('＠MFP (LSI name)'!R32="","",IF(COUNTIF('＠MFP (LSI name)'!R32,"Serial*")+COUNTIF('＠MFP (LSI name)'!R32,"Analog*")>0,'＠MFP (LSI name)'!R32,OFFSET('＠グループ、表示名'!$H$4,MATCH('＠MFP (LSI name)'!R32,'＠グループ、表示名'!$D$4:$D$250,0)-1,0))) | ... AK32: =IF('＠MFP (LSI name)'!AK32="","",IF(COUNTIF('＠MFP (LSI name)'!AK32,"Serial*")+COUNTIF('＠MFP (LSI name)'!AK32,"Analog*")>0,'＠MFP (LSI name)'!AK32,OFFSET('＠グループ、表示名'!$H$4,MATCH('＠MFP (LSI name)'!AK32,'＠グループ、表示名'!$D$4:$D$250,0)-1,0))) | AL32: =IF(COUNTIF(J32,"P*")>0,"IO"&LEFT(J32,2)&"MD["&RIGHT(J32,1)*4+3&"]","") -> IOPBMD[23] | AM32: =IF(COUNTIF(J32,"P*")>0,"IO"&LEFT(J32,2)&"MD["&RIGHT(J32,1)*4+2&"]","") -> IOPBMD[22] | AN32: =IF(COUNTIF(J32,"P*")>0,"IO"&LEFT(J32,2)&"MD["&RIGHT(J32,1)*4+1&"]","") -> IOPBMD[21] | AO32: =IF(COUNTIF(J32,"P*")>0,"IO"&LEFT(J32,2)&"MD["&RIGHT(J32,1)*4&"]","") -> IOPBMD[20]
A33: 28' | F33: 28 | G33: 22 | H33: 18 | I33: GPB[5] | J33: PB.5 | K33: =IF('＠MFP (LSI name)'!K33="","",IF(COUNTIF('＠MFP (LSI name)'!K33,"Serial*")+COUNTIF('＠MFP (LSI name)'!K33,"Analog*")>0,'＠MFP (LSI name)'!K33,OFFSET('＠グループ、表示名'!$H$4,MATCH('＠MFP (LSI name)'!K33,'＠グループ、表示名'!$D$4:$D$250,0)-1,0))) -> GPWM6_GPWM61 | L33: =IF('＠MFP (LSI name)'!L33="","",IF(COUNTIF('＠MFP (LSI name)'!L33,"Serial*")+COUNTIF('＠MFP (LSI name)'!L33,"Analog*")>0,'＠MFP (LSI name)'!L33,OFFSET('＠グループ、表示名'!$H$4,MATCH('＠MFP (LSI name)'!L33,'＠グループ、表示名'!$D$4:$D$250,0)-1,0))) -> SIF0_SBI0 | M33: =IF('＠MFP (LSI name)'!M33="","",IF(COUNTIF('＠MFP (LSI name)'!M33,"Serial*")+COUNTIF('＠MFP (LSI name)'!M33,"Analog*")>0,'＠MFP (LSI name)'!M33,OFFSET('＠グループ、表示名'!$H$4,MATCH('＠MFP (LSI name)'!M33,'＠グループ、表示名'!$D$4:$D$250,0)-1,0))) -> SIF0_SBO0 | N33: =IF('＠MFP (LSI name)'!N33="","",IF(COUNTIF('＠MFP (LSI name)'!N33,"Serial*")+COUNTIF('＠MFP (LSI name)'!N33,"Analog*")>0,'＠MFP (LSI name)'!N33,OFFSET('＠グループ、表示名'!$H$4,MATCH('＠MFP (LSI name)'!N33,'＠グループ、表示名'!$D$4:$D$250,0)-1,0))) | O33: =IF('＠MFP (LSI name)'!O33="","",IF(COUNTIF('＠MFP (LSI name)'!O33,"Serial*")+COUNTIF('＠MFP (LSI name)'!O33,"Analog*")>0,'＠MFP (LSI name)'!O33,OFFSET('＠グループ、表示名'!$H$4,MATCH('＠MFP (LSI name)'!O33,'＠グループ、表示名'!$D$4:$D$250,0)-1,0))) | P33: =IF('＠MFP (LSI name)'!P33="","",IF(COUNTIF('＠MFP (LSI name)'!P33,"Serial*")+COUNTIF('＠MFP (LSI name)'!P33,"Analog*")>0,'＠MFP (LSI name)'!P33,OFFSET('＠グループ、表示名'!$H$4,MATCH('＠MFP (LSI name)'!P33,'＠グループ、表示名'!$D$4:$D$250,0)-1,0))) | Q33: =IF('＠MFP (LSI name)'!Q33="","",IF(COUNTIF('＠MFP (LSI name)'!Q33,"Serial*")+COUNTIF('＠MFP (LSI name)'!Q33,"Analog*")>0,'＠MFP (LSI name)'!Q33,OFFSET('＠グループ、表示名'!$H$4,MATCH('＠MFP (LSI name)'!Q33,'＠グループ、表示名'!$D$4:$D$250,0)-1,0))) | R33: =IF('＠MFP (LSI name)'!R33="","",IF(COUNTIF('＠MFP (LSI name)'!R33,"Serial*")+COUNTIF('＠MFP (LSI name)'!R33,"Analog*")>0,'＠MFP (LSI name)'!R33,OFFSET('＠グループ、表示名'!$H$4,MATCH('＠MFP (LSI name)'!R33,'＠グループ、表示名'!$D$4:$D$250,0)-1,0))) | ... AK33: =IF('＠MFP (LSI name)'!AK33="","",IF(COUNTIF('＠MFP (LSI name)'!AK33,"Serial*")+COUNTIF('＠MFP (LSI name)'!AK33,"Analog*")>0,'＠MFP (LSI name)'!AK33,OFFSET('＠グループ、表示名'!$H$4,MATCH('＠MFP (LSI name)'!AK33,'＠グループ、表示名'!$D$4:$D$250,0)-1,0))) | AL33: =IF(COUNTIF(J33,"P*")>0,"IO"&LEFT(J33,2)&"MD["&RIGHT(J33,1)*4+3&"]","") -> IOPBMD[23] | AM33: =IF(COUNTIF(J33,"P*")>0,"IO"&LEFT(J33,2)&"MD["&RIGHT(J33,1)*4+2&"]","") -> IOPBMD[22] | AN33: =IF(COUNTIF(J33,"P*")>0,"IO"&LEFT(J33,2)&"MD["&RIGHT(J33,1)*4+1&"]","") -> IOPBMD[21] | AO33: =IF(COUNTIF(J33,"P*")>0,"IO"&LEFT(J33,2)&"MD["&RIGHT(J33,1)*4&"]","") -> IOPBMD[20]
A34: 29 | B34: 29 | C34: 23 | F34: 29 | G34: 23 | I34: VDDPST | J34: VDD50 | K34: =IF('＠MFP (LSI name)'!K34="","",IF(COUNTIF('＠MFP (LSI name)'!K34,"Serial*")+COUNTIF('＠MFP (LSI name)'!K34,"Analog*")>0,'＠MFP (LSI name)'!K34,OFFSET('＠グループ、表示名'!$H$4,MATCH('＠MFP (LSI name)'!K34,'＠グループ、表示名'!$D$4:$D$250,0)-1,0))) | L34: =IF('＠MFP (LSI name)'!L34="","",IF(COUNTIF('＠MFP (LSI name)'!L34,"Serial*")+COUNTIF('＠MFP (LSI name)'!L34,"Analog*")>0,'＠MFP (LSI name)'!L34,OFFSET('＠グループ、表示名'!$H$4,MATCH('＠MFP (LSI name)'!L34,'＠グループ、表示名'!$D$4:$D$250,0)-1,0))) | M34: =IF('＠MFP (LSI name)'!M34="","",IF(COUNTIF('＠MFP (LSI name)'!M34,"Serial*")+COUNTIF('＠MFP (LSI name)'!M34,"Analog*")>0,'＠MFP (LSI name)'!M34,OFFSET('＠グループ、表示名'!$H$4,MATCH('＠MFP (LSI name)'!M34,'＠グループ、表示名'!$D$4:$D$250,0)-1,0))) | N34: =IF('＠MFP (LSI name)'!N34="","",IF(COUNTIF('＠MFP (LSI name)'!N34,"Serial*")+COUNTIF('＠MFP (LSI name)'!N34,"Analog*")>0,'＠MFP (LSI name)'!N34,OFFSET('＠グループ、表示名'!$H$4,MATCH('＠MFP (LSI name)'!N34,'＠グループ、表示名'!$D$4:$D$250,0)-1,0))) | O34: =IF('＠MFP (LSI name)'!O34="","",IF(COUNTIF('＠MFP (LSI name)'!O34,"Serial*")+COUNTIF('＠MFP (LSI name)'!O34,"Analog*")>0,'＠MFP (LSI name)'!O34,OFFSET('＠グループ、表示名'!$H$4,MATCH('＠MFP (LSI name)'!O34,'＠グループ、表示名'!$D$4:$D$250,0)-1,0))) | P34: =IF('＠MFP (LSI name)'!P34="","",IF(COUNTIF('＠MFP (LSI name)'!P34,"Serial*")+COUNTIF('＠MFP (LSI name)'!P34,"Analog*")>0,'＠MFP (LSI name)'!P34,OFFSET('＠グループ、表示名'!$H$4,MATCH('＠MFP (LSI name)'!P34,'＠グループ、表示名'!$D$4:$D$250,0)-1,0))) | Q34: =IF('＠MFP (LSI name)'!Q34="","",IF(COUNTIF('＠MFP (LSI name)'!Q34,"Serial*")+COUNTIF('＠MFP (LSI name)'!Q34,"Analog*")>0,'＠MFP (LSI name)'!Q34,OFFSET('＠グループ、表示名'!$H$4,MATCH('＠MFP (LSI name)'!Q34,'＠グループ、表示名'!$D$4:$D$250,0)-1,0))) | R34: =IF('＠MFP (LSI name)'!R34="","",IF(COUNTIF('＠MFP (LSI name)'!R34,"Serial*")+COUNTIF('＠MFP (LSI name)'!R34,"Analog*")>0,'＠MFP (LSI name)'!R34,OFFSET('＠グループ、表示名'!$H$4,MATCH('＠MFP (LSI name)'!R34,'＠グループ、表示名'!$D$4:$D$250,0)-1,0))) | ... AK34: =IF('＠MFP (LSI name)'!AK34="","",IF(COUNTIF('＠MFP (LSI name)'!AK34,"Serial*")+COUNTIF('＠MFP (LSI name)'!AK34,"Analog*")>0,'＠MFP (LSI name)'!AK34,OFFSET('＠グループ、表示名'!$H$4,MATCH('＠MFP (LSI name)'!AK34,'＠グループ、表示名'!$D$4:$D$250,0)-1,0))) | AL34: =IF(COUNTIF(J34,"P*")>0,"IO"&LEFT(J34,2)&"MD["&RIGHT(J34,1)*4+3&"]","") | AM34: =IF(COUNTIF(J34,"P*")>0,"IO"&LEFT(J34,2)&"MD["&RIGHT(J34,1)*4+2&"]","") | AN34: =IF(COUNTIF(J34,"P*")>0,"IO"&LEFT(J34,2)&"MD["&RIGHT(J34,1)*4+1&"]","") | AO34: =IF(COUNTIF(J34,"P*")>0,"IO"&LEFT(J34,2)&"MD["&RIGHT(J34,1)*4&"]","")
A35: 30 | B35: 30 | C35: 24 | D35: 19 | E35: 13 | F35: 30 | G35: 24 | H35: 19 | I35: GPB[4] | J35: PB.4 | K35: =IF('＠MFP (LSI name)'!K35="","",IF(COUNTIF('＠MFP (LSI name)'!K35,"Serial*")+COUNTIF('＠MFP (LSI name)'!K35,"Analog*")>0,'＠MFP (LSI name)'!K35,OFFSET('＠グループ、表示名'!$H$4,MATCH('＠MFP (LSI name)'!K35,'＠グループ、表示名'!$D$4:$D$250,0)-1,0))) -> GPWM7_GPWM70 | L35: =IF('＠MFP (LSI name)'!L35="","",IF(COUNTIF('＠MFP (LSI name)'!L35,"Serial*")+COUNTIF('＠MFP (LSI name)'!L35,"Analog*")>0,'＠MFP (LSI name)'!L35,OFFSET('＠グループ、表示名'!$H$4,MATCH('＠MFP (LSI name)'!L35,'＠グループ、表示名'!$D$4:$D$250,0)-1,0))) -> IRQ03 | M35: =IF('＠MFP (LSI name)'!M35="","",IF(COUNTIF('＠MFP (LSI name)'!M35,"Serial*")+COUNTIF('＠MFP (LSI name)'!M35,"Analog*")>0,'＠MFP (LSI name)'!M35,OFFSET('＠グループ、表示名'!$H$4,MATCH('＠MFP (LSI name)'!M35,'＠グループ、表示名'!$D$4:$D$250,0)-1,0))) -> IRQ12 | N35: =IF('＠MFP (LSI name)'!N35="","",IF(COUNTIF('＠MFP (LSI name)'!N35,"Serial*")+COUNTIF('＠MFP (LSI name)'!N35,"Analog*")>0,'＠MFP (LSI name)'!N35,OFFSET('＠グループ、表示名'!$H$4,MATCH('＠MFP (LSI name)'!N35,'＠グループ、表示名'!$D$4:$D$250,0)-1,0))) -> SIF0_SBCS0 | O35: =IF('＠MFP (LSI name)'!O35="","",IF(COUNTIF('＠MFP (LSI name)'!O35,"Serial*")+COUNTIF('＠MFP (LSI name)'!O35,"Analog*")>0,'＠MFP (LSI name)'!O35,OFFSET('＠グループ、表示名'!$H$4,MATCH('＠MFP (LSI name)'!O35,'＠グループ、表示名'!$D$4:$D$250,0)-1,0))) | P35: =IF('＠MFP (LSI name)'!P35="","",IF(COUNTIF('＠MFP (LSI name)'!P35,"Serial*")+COUNTIF('＠MFP (LSI name)'!P35,"Analog*")>0,'＠MFP (LSI name)'!P35,OFFSET('＠グループ、表示名'!$H$4,MATCH('＠MFP (LSI name)'!P35,'＠グループ、表示名'!$D$4:$D$250,0)-1,0))) | Q35: =IF('＠MFP (LSI name)'!Q35="","",IF(COUNTIF('＠MFP (LSI name)'!Q35,"Serial*")+COUNTIF('＠MFP (LSI name)'!Q35,"Analog*")>0,'＠MFP (LSI name)'!Q35,OFFSET('＠グループ、表示名'!$H$4,MATCH('＠MFP (LSI name)'!Q35,'＠グループ、表示名'!$D$4:$D$250,0)-1,0))) | R35: =IF('＠MFP (LSI name)'!R35="","",IF(COUNTIF('＠MFP (LSI name)'!R35,"Serial*")+COUNTIF('＠MFP (LSI name)'!R35,"Analog*")>0,'＠MFP (LSI name)'!R35,OFFSET('＠グループ、表示名'!$H$4,MATCH('＠MFP (LSI name)'!R35,'＠グループ、表示名'!$D$4:$D$250,0)-1,0))) | ... AK35: =IF('＠MFP (LSI name)'!AK35="","",IF(COUNTIF('＠MFP (LSI name)'!AK35,"Serial*")+COUNTIF('＠MFP (LSI name)'!AK35,"Analog*")>0,'＠MFP (LSI name)'!AK35,OFFSET('＠グループ、表示名'!$H$4,MATCH('＠MFP (LSI name)'!AK35,'＠グループ、表示名'!$D$4:$D$250,0)-1,0))) | AL35: =IF(COUNTIF(J35,"P*")>0,"IO"&LEFT(J35,2)&"MD["&RIGHT(J35,1)*4+3&"]","") -> IOPBMD[19] | AM35: =IF(COUNTIF(J35,"P*")>0,"IO"&LEFT(J35,2)&"MD["&RIGHT(J35,1)*4+2&"]","") -> IOPBMD[18] | AN35: =IF(COUNTIF(J35,"P*")>0,"IO"&LEFT(J35,2)&"MD["&RIGHT(J35,1)*4+1&"]","") -> IOPBMD[17] | AO35: =IF(COUNTIF(J35,"P*")>0,"IO"&LEFT(J35,2)&"MD["&RIGHT(J35,1)*4&"]","") -> IOPBMD[16]
A36: 31 | B36: 31 | C36: 25 | F36: 31 | G36: 25 | I36: VSSPST | J36: VSS | K36: =IF('＠MFP (LSI name)'!K36="","",IF(COUNTIF('＠MFP (LSI name)'!K36,"Serial*")+COUNTIF('＠MFP (LSI name)'!K36,"Analog*")>0,'＠MFP (LSI name)'!K36,OFFSET('＠グループ、表示名'!$H$4,MATCH('＠MFP (LSI name)'!K36,'＠グループ、表示名'!$D$4:$D$250,0)-1,0))) | L36: =IF('＠MFP (LSI name)'!L36="","",IF(COUNTIF('＠MFP (LSI name)'!L36,"Serial*")+COUNTIF('＠MFP (LSI name)'!L36,"Analog*")>0,'＠MFP (LSI name)'!L36,OFFSET('＠グループ、表示名'!$H$4,MATCH('＠MFP (LSI name)'!L36,'＠グループ、表示名'!$D$4:$D$250,0)-1,0))) | M36: =IF('＠MFP (LSI name)'!M36="","",IF(COUNTIF('＠MFP (LSI name)'!M36,"Serial*")+COUNTIF('＠MFP (LSI name)'!M36,"Analog*")>0,'＠MFP (LSI name)'!M36,OFFSET('＠グループ、表示名'!$H$4,MATCH('＠MFP (LSI name)'!M36,'＠グループ、表示名'!$D$4:$D$250,0)-1,0))) | N36: =IF('＠MFP (LSI name)'!N36="","",IF(COUNTIF('＠MFP (LSI name)'!N36,"Serial*")+COUNTIF('＠MFP (LSI name)'!N36,"Analog*")>0,'＠MFP (LSI name)'!N36,OFFSET('＠グループ、表示名'!$H$4,MATCH('＠MFP (LSI name)'!N36,'＠グループ、表示名'!$D$4:$D$250,0)-1,0))) | O36: =IF('＠MFP (LSI name)'!O36="","",IF(COUNTIF('＠MFP (LSI name)'!O36,"Serial*")+COUNTIF('＠MFP (LSI name)'!O36,"Analog*")>0,'＠MFP (LSI name)'!O36,OFFSET('＠グループ、表示名'!$H$4,MATCH('＠MFP (LSI name)'!O36,'＠グループ、表示名'!$D$4:$D$250,0)-1,0))) | P36: =IF('＠MFP (LSI name)'!P36="","",IF(COUNTIF('＠MFP (LSI name)'!P36,"Serial*")+COUNTIF('＠MFP (LSI name)'!P36,"Analog*")>0,'＠MFP (LSI name)'!P36,OFFSET('＠グループ、表示名'!$H$4,MATCH('＠MFP (LSI name)'!P36,'＠グループ、表示名'!$D$4:$D$250,0)-1,0))) | Q36: =IF('＠MFP (LSI name)'!Q36="","",IF(COUNTIF('＠MFP (LSI name)'!Q36,"Serial*")+COUNTIF('＠MFP (LSI name)'!Q36,"Analog*")>0,'＠MFP (LSI name)'!Q36,OFFSET('＠グループ、表示名'!$H$4,MATCH('＠MFP (LSI name)'!Q36,'＠グループ、表示名'!$D$4:$D$250,0)-1,0))) | R36: =IF('＠MFP (LSI name)'!R36="","",IF(COUNTIF('＠MFP (LSI name)'!R36,"Serial*")+COUNTIF('＠MFP (LSI name)'!R36,"Analog*")>0,'＠MFP (LSI name)'!R36,OFFSET('＠グループ、表示名'!$H$4,MATCH('＠MFP (LSI name)'!R36,'＠グループ、表示名'!$D$4:$D$250,0)-1,0))) | ... AK36: =IF('＠MFP (LSI name)'!AK36="","",IF(COUNTIF('＠MFP (LSI name)'!AK36,"Serial*")+COUNTIF('＠MFP (LSI name)'!AK36,"Analog*")>0,'＠MFP (LSI name)'!AK36,OFFSET('＠グループ、表示名'!$H$4,MATCH('＠MFP (LSI name)'!AK36,'＠グループ、表示名'!$D$4:$D$250,0)-1,0))) | AL36: =IF(COUNTIF(J36,"P*")>0,"IO"&LEFT(J36,2)&"MD["&RIGHT(J36,1)*4+3&"]","") | AM36: =IF(COUNTIF(J36,"P*")>0,"IO"&LEFT(J36,2)&"MD["&RIGHT(J36,1)*4+2&"]","") | AN36: =IF(COUNTIF(J36,"P*")>0,"IO"&LEFT(J36,2)&"MD["&RIGHT(J36,1)*4+1&"]","") | AO36: =IF(COUNTIF(J36,"P*")>0,"IO"&LEFT(J36,2)&"MD["&RIGHT(J36,1)*4&"]","")
A37: 32 | B37: 32 | C37: 26 | D37: 20 | E37: 14 | F37: 32 | G37: 26 | H37: 20 | I37: GPB[3] | J37: PB.3 | K37: =IF('＠MFP (LSI name)'!K37="","",IF(COUNTIF('＠MFP (LSI name)'!K37,"Serial*")+COUNTIF('＠MFP (LSI name)'!K37,"Analog*")>0,'＠MFP (LSI name)'!K37,OFFSET('＠グループ、表示名'!$H$4,MATCH('＠MFP (LSI name)'!K37,'＠グループ、表示名'!$D$4:$D$250,0)-1,0))) -> GPWM6_GPWM60 | L37: =IF('＠MFP (LSI name)'!L37="","",IF(COUNTIF('＠MFP (LSI name)'!L37,"Serial*")+COUNTIF('＠MFP (LSI name)'!L37,"Analog*")>0,'＠MFP (LSI name)'!L37,OFFSET('＠グループ、表示名'!$H$4,MATCH('＠MFP (LSI name)'!L37,'＠グループ、表示名'!$D$4:$D$250,0)-1,0))) -> TM10A | M37: =IF('＠MFP (LSI name)'!M37="","",IF(COUNTIF('＠MFP (LSI name)'!M37,"Serial*")+COUNTIF('＠MFP (LSI name)'!M37,"Analog*")>0,'＠MFP (LSI name)'!M37,OFFSET('＠グループ、表示名'!$H$4,MATCH('＠MFP (LSI name)'!M37,'＠グループ、表示名'!$D$4:$D$250,0)-1,0))) -> SIF2_SBT2 | N37: =IF('＠MFP (LSI name)'!N37="","",IF(COUNTIF('＠MFP (LSI name)'!N37,"Serial*")+COUNTIF('＠MFP (LSI name)'!N37,"Analog*")>0,'＠MFP (LSI name)'!N37,OFFSET('＠グループ、表示名'!$H$4,MATCH('＠MFP (LSI name)'!N37,'＠グループ、表示名'!$D$4:$D$250,0)-1,0))) -> SIF3_SBT3 | O37: =IF('＠MFP (LSI name)'!O37="","",IF(COUNTIF('＠MFP (LSI name)'!O37,"Serial*")+COUNTIF('＠MFP (LSI name)'!O37,"Analog*")>0,'＠MFP (LSI name)'!O37,OFFSET('＠グループ、表示名'!$H$4,MATCH('＠MFP (LSI name)'!O37,'＠グループ、表示名'!$D$4:$D$250,0)-1,0))) -> CKMREF | P37: =IF('＠MFP (LSI name)'!P37="","",IF(COUNTIF('＠MFP (LSI name)'!P37,"Serial*")+COUNTIF('＠MFP (LSI name)'!P37,"Analog*")>0,'＠MFP (LSI name)'!P37,OFFSET('＠グループ、表示名'!$H$4,MATCH('＠MFP (LSI name)'!P37,'＠グループ、表示名'!$D$4:$D$250,0)-1,0))) | Q37: =IF('＠MFP (LSI name)'!Q37="","",IF(COUNTIF('＠MFP (LSI name)'!Q37,"Serial*")+COUNTIF('＠MFP (LSI name)'!Q37,"Analog*")>0,'＠MFP (LSI name)'!Q37,OFFSET('＠グループ、表示名'!$H$4,MATCH('＠MFP (LSI name)'!Q37,'＠グループ、表示名'!$D$4:$D$250,0)-1,0))) | R37: =IF('＠MFP (LSI name)'!R37="","",IF(COUNTIF('＠MFP (LSI name)'!R37,"Serial*")+COUNTIF('＠MFP (LSI name)'!R37,"Analog*")>0,'＠MFP (LSI name)'!R37,OFFSET('＠グループ、表示名'!$H$4,MATCH('＠MFP (LSI name)'!R37,'＠グループ、表示名'!$D$4:$D$250,0)-1,0))) | ... AK37: =IF('＠MFP (LSI name)'!AK37="","",IF(COUNTIF('＠MFP (LSI name)'!AK37,"Serial*")+COUNTIF('＠MFP (LSI name)'!AK37,"Analog*")>0,'＠MFP (LSI name)'!AK37,OFFSET('＠グループ、表示名'!$H$4,MATCH('＠MFP (LSI name)'!AK37,'＠グループ、表示名'!$D$4:$D$250,0)-1,0))) | AL37: =IF(COUNTIF(J37,"P*")>0,"IO"&LEFT(J37,2)&"MD["&RIGHT(J37,1)*4+3&"]","") -> IOPBMD[15] | AM37: =IF(COUNTIF(J37,"P*")>0,"IO"&LEFT(J37,2)&"MD["&RIGHT(J37,1)*4+2&"]","") -> IOPBMD[14] | AN37: =IF(COUNTIF(J37,"P*")>0,"IO"&LEFT(J37,2)&"MD["&RIGHT(J37,1)*4+1&"]","") -> IOPBMD[13] | AO37: =IF(COUNTIF(J37,"P*")>0,"IO"&LEFT(J37,2)&"MD["&RIGHT(J37,1)*4&"]","") -> IOPBMD[12]
A38: 33 | B38: 33 | C38: 27 | D38: 21 | E38: 15 | F38: 33 | G38: 27 | H38: 21 | I38: GPB[2] | J38: PB.2 | K38: =IF('＠MFP (LSI name)'!K38="","",IF(COUNTIF('＠MFP (LSI name)'!K38,"Serial*")+COUNTIF('＠MFP (LSI name)'!K38,"Analog*")>0,'＠MFP (LSI name)'!K38,OFFSET('＠グループ、表示名'!$H$4,MATCH('＠MFP (LSI name)'!K38,'＠グループ、表示名'!$D$4:$D$250,0)-1,0))) -> IRQ30 | L38: =IF('＠MFP (LSI name)'!L38="","",IF(COUNTIF('＠MFP (LSI name)'!L38,"Serial*")+COUNTIF('＠MFP (LSI name)'!L38,"Analog*")>0,'＠MFP (LSI name)'!L38,OFFSET('＠グループ、表示名'!$H$4,MATCH('＠MFP (LSI name)'!L38,'＠グループ、表示名'!$D$4:$D$250,0)-1,0))) -> TM10B | M38: =IF('＠MFP (LSI name)'!M38="","",IF(COUNTIF('＠MFP (LSI name)'!M38,"Serial*")+COUNTIF('＠MFP (LSI name)'!M38,"Analog*")>0,'＠MFP (LSI name)'!M38,OFFSET('＠グループ、表示名'!$H$4,MATCH('＠MFP (LSI name)'!M38,'＠グループ、表示名'!$D$4:$D$250,0)-1,0))) -> SIF2_SBI2 | N38: =IF('＠MFP (LSI name)'!N38="","",IF(COUNTIF('＠MFP (LSI name)'!N38,"Serial*")+COUNTIF('＠MFP (LSI name)'!N38,"Analog*")>0,'＠MFP (LSI name)'!N38,OFFSET('＠グループ、表示名'!$H$4,MATCH('＠MFP (LSI name)'!N38,'＠グループ、表示名'!$D$4:$D$250,0)-1,0))) -> SIF2_SBO2 | O38: =IF('＠MFP (LSI name)'!O38="","",IF(COUNTIF('＠MFP (LSI name)'!O38,"Serial*")+COUNTIF('＠MFP (LSI name)'!O38,"Analog*")>0,'＠MFP (LSI name)'!O38,OFFSET('＠グループ、表示名'!$H$4,MATCH('＠MFP (LSI name)'!O38,'＠グループ、表示名'!$D$4:$D$250,0)-1,0))) | P38: =IF('＠MFP (LSI name)'!P38="","",IF(COUNTIF('＠MFP (LSI name)'!P38,"Serial*")+COUNTIF('＠MFP (LSI name)'!P38,"Analog*")>0,'＠MFP (LSI name)'!P38,OFFSET('＠グループ、表示名'!$H$4,MATCH('＠MFP (LSI name)'!P38,'＠グループ、表示名'!$D$4:$D$250,0)-1,0))) | Q38: =IF('＠MFP (LSI name)'!Q38="","",IF(COUNTIF('＠MFP (LSI name)'!Q38,"Serial*")+COUNTIF('＠MFP (LSI name)'!Q38,"Analog*")>0,'＠MFP (LSI name)'!Q38,OFFSET('＠グループ、表示名'!$H$4,MATCH('＠MFP (LSI name)'!Q38,'＠グループ、表示名'!$D$4:$D$250,0)-1,0))) | R38: =IF('＠MFP (LSI name)'!R38="","",IF(COUNTIF('＠MFP (LSI name)'!R38,"Serial*")+COUNTIF('＠MFP (LSI name)'!R38,"Analog*")>0,'＠MFP (LSI name)'!R38,OFFSET('＠グループ、表示名'!$H$4,MATCH('＠MFP (LSI name)'!R38,'＠グループ、表示名'!$D$4:$D$250,0)-1,0))) | ... AK38: =IF('＠MFP (LSI name)'!AK38="","",IF(COUNTIF('＠MFP (LSI name)'!AK38,"Serial*")+COUNTIF('＠MFP (LSI name)'!AK38,"Analog*")>0,'＠MFP (LSI name)'!AK38,OFFSET('＠グループ、表示名'!$H$4,MATCH('＠MFP (LSI name)'!AK38,'＠グループ、表示名'!$D$4:$D$250,0)-1,0))) | AL38: =IF(COUNTIF(J38,"P*")>0,"IO"&LEFT(J38,2)&"MD["&RIGHT(J38,1)*4+3&"]","") -> IOPBMD[11] | AM38: =IF(COUNTIF(J38,"P*")>0,"IO"&LEFT(J38,2)&"MD["&RIGHT(J38,1)*4+2&"]","") -> IOPBMD[10] | AN38: =IF(COUNTIF(J38,"P*")>0,"IO"&LEFT(J38,2)&"MD["&RIGHT(J38,1)*4+1&"]","") -> IOPBMD[9] | AO38: =IF(COUNTIF(J38,"P*")>0,"IO"&LEFT(J38,2)&"MD["&RIGHT(J38,1)*4&"]","") -> IOPBMD[8]
A39: 34 | B39: 34 | C39: 28 | D39: 22 | E39: 16 | F39: 34 | G39: 28 | H39: 22 | I39: GPB[1] | J39: PB.1 | K39: =IF('＠MFP (LSI name)'!K39="","",IF(COUNTIF('＠MFP (LSI name)'!K39,"Serial*")+COUNTIF('＠MFP (LSI name)'!K39,"Analog*")>0,'＠MFP (LSI name)'!K39,OFFSET('＠グループ、表示名'!$H$4,MATCH('＠MFP (LSI name)'!K39,'＠グループ、表示名'!$D$4:$D$250,0)-1,0))) -> TM00B | L39: =IF('＠MFP (LSI name)'!L39="","",IF(COUNTIF('＠MFP (LSI name)'!L39,"Serial*")+COUNTIF('＠MFP (LSI name)'!L39,"Analog*")>0,'＠MFP (LSI name)'!L39,OFFSET('＠グループ、表示名'!$H$4,MATCH('＠MFP (LSI name)'!L39,'＠グループ、表示名'!$D$4:$D$250,0)-1,0))) -> TM11A | M39: =IF('＠MFP (LSI name)'!M39="","",IF(COUNTIF('＠MFP (LSI name)'!M39,"Serial*")+COUNTIF('＠MFP (LSI name)'!M39,"Analog*")>0,'＠MFP (LSI name)'!M39,OFFSET('＠グループ、表示名'!$H$4,MATCH('＠MFP (LSI name)'!M39,'＠グループ、表示名'!$D$4:$D$250,0)-1,0))) -> SIF2_SBI2 | N39: =IF('＠MFP (LSI name)'!N39="","",IF(COUNTIF('＠MFP (LSI name)'!N39,"Serial*")+COUNTIF('＠MFP (LSI name)'!N39,"Analog*")>0,'＠MFP (LSI name)'!N39,OFFSET('＠グループ、表示名'!$H$4,MATCH('＠MFP (LSI name)'!N39,'＠グループ、表示名'!$D$4:$D$250,0)-1,0))) -> SIF2_SBO2 | O39: =IF('＠MFP (LSI name)'!O39="","",IF(COUNTIF('＠MFP (LSI name)'!O39,"Serial*")+COUNTIF('＠MFP (LSI name)'!O39,"Analog*")>0,'＠MFP (LSI name)'!O39,OFFSET('＠グループ、表示名'!$H$4,MATCH('＠MFP (LSI name)'!O39,'＠グループ、表示名'!$D$4:$D$250,0)-1,0))) -> SIF2_SBT2 | P39: =IF('＠MFP (LSI name)'!P39="","",IF(COUNTIF('＠MFP (LSI name)'!P39,"Serial*")+COUNTIF('＠MFP (LSI name)'!P39,"Analog*")>0,'＠MFP (LSI name)'!P39,OFFSET('＠グループ、表示名'!$H$4,MATCH('＠MFP (LSI name)'!P39,'＠グループ、表示名'!$D$4:$D$250,0)-1,0))) | Q39: =IF('＠MFP (LSI name)'!Q39="","",IF(COUNTIF('＠MFP (LSI name)'!Q39,"Serial*")+COUNTIF('＠MFP (LSI name)'!Q39,"Analog*")>0,'＠MFP (LSI name)'!Q39,OFFSET('＠グループ、表示名'!$H$4,MATCH('＠MFP (LSI name)'!Q39,'＠グループ、表示名'!$D$4:$D$250,0)-1,0))) | R39: =IF('＠MFP (LSI name)'!R39="","",IF(COUNTIF('＠MFP (LSI name)'!R39,"Serial*")+COUNTIF('＠MFP (LSI name)'!R39,"Analog*")>0,'＠MFP (LSI name)'!R39,OFFSET('＠グループ、表示名'!$H$4,MATCH('＠MFP (LSI name)'!R39,'＠グループ、表示名'!$D$4:$D$250,0)-1,0))) | ... AK39: =IF('＠MFP (LSI name)'!AK39="","",IF(COUNTIF('＠MFP (LSI name)'!AK39,"Serial*")+COUNTIF('＠MFP (LSI name)'!AK39,"Analog*")>0,'＠MFP (LSI name)'!AK39,OFFSET('＠グループ、表示名'!$H$4,MATCH('＠MFP (LSI name)'!AK39,'＠グループ、表示名'!$D$4:$D$250,0)-1,0))) | AL39: =IF(COUNTIF(J39,"P*")>0,"IO"&LEFT(J39,2)&"MD["&RIGHT(J39,1)*4+3&"]","") -> IOPBMD[7] | AM39: =IF(COUNTIF(J39,"P*")>0,"IO"&LEFT(J39,2)&"MD["&RIGHT(J39,1)*4+2&"]","") -> IOPBMD[6] | AN39: =IF(COUNTIF(J39,"P*")>0,"IO"&LEFT(J39,2)&"MD["&RIGHT(J39,1)*4+1&"]","") -> IOPBMD[5] | AO39: =IF(COUNTIF(J39,"P*")>0,"IO"&LEFT(J39,2)&"MD["&RIGHT(J39,1)*4&"]","") -> IOPBMD[4]
A40: 35 | B40: 35 | C40: 29 | F40: 35 | G40: 29 | I40: GPB[0] | J40: PB.0 | K40: =IF('＠MFP (LSI name)'!K40="","",IF(COUNTIF('＠MFP (LSI name)'!K40,"Serial*")+COUNTIF('＠MFP (LSI name)'!K40,"Analog*")>0,'＠MFP (LSI name)'!K40,OFFSET('＠グループ、表示名'!$H$4,MATCH('＠MFP (LSI name)'!K40,'＠グループ、表示名'!$D$4:$D$250,0)-1,0))) -> IRQ22 | L40: =IF('＠MFP (LSI name)'!L40="","",IF(COUNTIF('＠MFP (LSI name)'!L40,"Serial*")+COUNTIF('＠MFP (LSI name)'!L40,"Analog*")>0,'＠MFP (LSI name)'!L40,OFFSET('＠グループ、表示名'!$H$4,MATCH('＠MFP (LSI name)'!L40,'＠グループ、表示名'!$D$4:$D$250,0)-1,0))) -> TM00A | M40: =IF('＠MFP (LSI name)'!M40="","",IF(COUNTIF('＠MFP (LSI name)'!M40,"Serial*")+COUNTIF('＠MFP (LSI name)'!M40,"Analog*")>0,'＠MFP (LSI name)'!M40,OFFSET('＠グループ、表示名'!$H$4,MATCH('＠MFP (LSI name)'!M40,'＠グループ、表示名'!$D$4:$D$250,0)-1,0))) -> TM11B | N40: =IF('＠MFP (LSI name)'!N40="","",IF(COUNTIF('＠MFP (LSI name)'!N40,"Serial*")+COUNTIF('＠MFP (LSI name)'!N40,"Analog*")>0,'＠MFP (LSI name)'!N40,OFFSET('＠グループ、表示名'!$H$4,MATCH('＠MFP (LSI name)'!N40,'＠グループ、表示名'!$D$4:$D$250,0)-1,0))) -> SIF2_SBI2 | O40: =IF('＠MFP (LSI name)'!O40="","",IF(COUNTIF('＠MFP (LSI name)'!O40,"Serial*")+COUNTIF('＠MFP (LSI name)'!O40,"Analog*")>0,'＠MFP (LSI name)'!O40,OFFSET('＠グループ、表示名'!$H$4,MATCH('＠MFP (LSI name)'!O40,'＠グループ、表示名'!$D$4:$D$250,0)-1,0))) -> SIF2_SBO2 | P40: =IF('＠MFP (LSI name)'!P40="","",IF(COUNTIF('＠MFP (LSI name)'!P40,"Serial*")+COUNTIF('＠MFP (LSI name)'!P40,"Analog*")>0,'＠MFP (LSI name)'!P40,OFFSET('＠グループ、表示名'!$H$4,MATCH('＠MFP (LSI name)'!P40,'＠グループ、表示名'!$D$4:$D$250,0)-1,0))) -> SIF3_SBI3 | Q40: =IF('＠MFP (LSI name)'!Q40="","",IF(COUNTIF('＠MFP (LSI name)'!Q40,"Serial*")+COUNTIF('＠MFP (LSI name)'!Q40,"Analog*")>0,'＠MFP (LSI name)'!Q40,OFFSET('＠グループ、表示名'!$H$4,MATCH('＠MFP (LSI name)'!Q40,'＠グループ、表示名'!$D$4:$D$250,0)-1,0))) -> SIF3_SBO3 | R40: =IF('＠MFP (LSI name)'!R40="","",IF(COUNTIF('＠MFP (LSI name)'!R40,"Serial*")+COUNTIF('＠MFP (LSI name)'!R40,"Analog*")>0,'＠MFP (LSI name)'!R40,OFFSET('＠グループ、表示名'!$H$4,MATCH('＠MFP (LSI name)'!R40,'＠グループ、表示名'!$D$4:$D$250,0)-1,0))) | ... AK40: =IF('＠MFP (LSI name)'!AK40="","",IF(COUNTIF('＠MFP (LSI name)'!AK40,"Serial*")+COUNTIF('＠MFP (LSI name)'!AK40,"Analog*")>0,'＠MFP (LSI name)'!AK40,OFFSET('＠グループ、表示名'!$H$4,MATCH('＠MFP (LSI name)'!AK40,'＠グループ、表示名'!$D$4:$D$250,0)-1,0))) | AL40: =IF(COUNTIF(J40,"P*")>0,"IO"&LEFT(J40,2)&"MD["&RIGHT(J40,1)*4+3&"]","") -> IOPBMD[3] | AM40: =IF(COUNTIF(J40,"P*")>0,"IO"&LEFT(J40,2)&"MD["&RIGHT(J40,1)*4+2&"]","") -> IOPBMD[2] | AN40: =IF(COUNTIF(J40,"P*")>0,"IO"&LEFT(J40,2)&"MD["&RIGHT(J40,1)*4+1&"]","") -> IOPBMD[1] | AO40: =IF(COUNTIF(J40,"P*")>0,"IO"&LEFT(J40,2)&"MD["&RIGHT(J40,1)*4&"]","") -> IOPBMD[0]
A41: 36 | B41: 36 | C41: 30 | F41: 36 | G41: 30 | I41: GPA[5] | J41: PA.5 | K41: =IF('＠MFP (LSI name)'!K41="","",IF(COUNTIF('＠MFP (LSI name)'!K41,"Serial*")+COUNTIF('＠MFP (LSI name)'!K41,"Analog*")>0,'＠MFP (LSI name)'!K41,OFFSET('＠グループ、表示名'!$H$4,MATCH('＠MFP (LSI name)'!K41,'＠グループ、表示名'!$D$4:$D$250,0)-1,0))) -> IRQ01 | L41: =IF('＠MFP (LSI name)'!L41="","",IF(COUNTIF('＠MFP (LSI name)'!L41,"Serial*")+COUNTIF('＠MFP (LSI name)'!L41,"Analog*")>0,'＠MFP (LSI name)'!L41,OFFSET('＠グループ、表示名'!$H$4,MATCH('＠MFP (LSI name)'!L41,'＠グループ、表示名'!$D$4:$D$250,0)-1,0))) -> IRQ21 | M41: =IF('＠MFP (LSI name)'!M41="","",IF(COUNTIF('＠MFP (LSI name)'!M41,"Serial*")+COUNTIF('＠MFP (LSI name)'!M41,"Analog*")>0,'＠MFP (LSI name)'!M41,OFFSET('＠グループ、表示名'!$H$4,MATCH('＠MFP (LSI name)'!M41,'＠グループ、表示名'!$D$4:$D$250,0)-1,0))) -> TM03B | N41: =IF('＠MFP (LSI name)'!N41="","",IF(COUNTIF('＠MFP (LSI name)'!N41,"Serial*")+COUNTIF('＠MFP (LSI name)'!N41,"Analog*")>0,'＠MFP (LSI name)'!N41,OFFSET('＠グループ、表示名'!$H$4,MATCH('＠MFP (LSI name)'!N41,'＠グループ、表示名'!$D$4:$D$250,0)-1,0))) -> TM12A | O41: =IF('＠MFP (LSI name)'!O41="","",IF(COUNTIF('＠MFP (LSI name)'!O41,"Serial*")+COUNTIF('＠MFP (LSI name)'!O41,"Analog*")>0,'＠MFP (LSI name)'!O41,OFFSET('＠グループ、表示名'!$H$4,MATCH('＠MFP (LSI name)'!O41,'＠グループ、表示名'!$D$4:$D$250,0)-1,0))) -> SIF2_SBI2 | P41: =IF('＠MFP (LSI name)'!P41="","",IF(COUNTIF('＠MFP (LSI name)'!P41,"Serial*")+COUNTIF('＠MFP (LSI name)'!P41,"Analog*")>0,'＠MFP (LSI name)'!P41,OFFSET('＠グループ、表示名'!$H$4,MATCH('＠MFP (LSI name)'!P41,'＠グループ、表示名'!$D$4:$D$250,0)-1,0))) -> SIF2_SBO2 | Q41: =IF('＠MFP (LSI name)'!Q41="","",IF(COUNTIF('＠MFP (LSI name)'!Q41,"Serial*")+COUNTIF('＠MFP (LSI name)'!Q41,"Analog*")>0,'＠MFP (LSI name)'!Q41,OFFSET('＠グループ、表示名'!$H$4,MATCH('＠MFP (LSI name)'!Q41,'＠グループ、表示名'!$D$4:$D$250,0)-1,0))) -> SIF2_SBT2 | R41: =IF('＠MFP (LSI name)'!R41="","",IF(COUNTIF('＠MFP (LSI name)'!R41,"Serial*")+COUNTIF('＠MFP (LSI name)'!R41,"Analog*")>0,'＠MFP (LSI name)'!R41,OFFSET('＠グループ、表示名'!$H$4,MATCH('＠MFP (LSI name)'!R41,'＠グループ、表示名'!$D$4:$D$250,0)-1,0))) -> SIF3_SBI3 | ... AK41: =IF('＠MFP (LSI name)'!AK41="","",IF(COUNTIF('＠MFP (LSI name)'!AK41,"Serial*")+COUNTIF('＠MFP (LSI name)'!AK41,"Analog*")>0,'＠MFP (LSI name)'!AK41,OFFSET('＠グループ、表示名'!$H$4,MATCH('＠MFP (LSI name)'!AK41,'＠グループ、表示名'!$D$4:$D$250,0)-1,0))) | AL41: =IF(COUNTIF(J41,"P*")>0,"IO"&LEFT(J41,2)&"MD["&RIGHT(J41,1)*4+3&"]","") -> IOPAMD[23] | AM41: =IF(COUNTIF(J41,"P*")>0,"IO"&LEFT(J41,2)&"MD["&RIGHT(J41,1)*4+2&"]","") -> IOPAMD[22] | AN41: =IF(COUNTIF(J41,"P*")>0,"IO"&LEFT(J41,2)&"MD["&RIGHT(J41,1)*4+1&"]","") -> IOPAMD[21] | AO41: =IF(COUNTIF(J41,"P*")>0,"IO"&LEFT(J41,2)&"MD["&RIGHT(J41,1)*4&"]","") -> IOPAMD[20]
A42: 37 | B42: 37 | F42: 37 | I42: GPA[4] | J42: PA.4 | K42: =IF('＠MFP (LSI name)'!K42="","",IF(COUNTIF('＠MFP (LSI name)'!K42,"Serial*")+COUNTIF('＠MFP (LSI name)'!K42,"Analog*")>0,'＠MFP (LSI name)'!K42,OFFSET('＠グループ、表示名'!$H$4,MATCH('＠MFP (LSI name)'!K42,'＠グループ、表示名'!$D$4:$D$250,0)-1,0))) -> IRQ20 | L42: =IF('＠MFP (LSI name)'!L42="","",IF(COUNTIF('＠MFP (LSI name)'!L42,"Serial*")+COUNTIF('＠MFP (LSI name)'!L42,"Analog*")>0,'＠MFP (LSI name)'!L42,OFFSET('＠グループ、表示名'!$H$4,MATCH('＠MFP (LSI name)'!L42,'＠グループ、表示名'!$D$4:$D$250,0)-1,0))) -> TM07B | M42: =IF('＠MFP (LSI name)'!M42="","",IF(COUNTIF('＠MFP (LSI name)'!M42,"Serial*")+COUNTIF('＠MFP (LSI name)'!M42,"Analog*")>0,'＠MFP (LSI name)'!M42,OFFSET('＠グループ、表示名'!$H$4,MATCH('＠MFP (LSI name)'!M42,'＠グループ、表示名'!$D$4:$D$250,0)-1,0))) -> TM12B | N42: =IF('＠MFP (LSI name)'!N42="","",IF(COUNTIF('＠MFP (LSI name)'!N42,"Serial*")+COUNTIF('＠MFP (LSI name)'!N42,"Analog*")>0,'＠MFP (LSI name)'!N42,OFFSET('＠グループ、表示名'!$H$4,MATCH('＠MFP (LSI name)'!N42,'＠グループ、表示名'!$D$4:$D$250,0)-1,0))) -> SIF2_SBT2 | O42: =IF('＠MFP (LSI name)'!O42="","",IF(COUNTIF('＠MFP (LSI name)'!O42,"Serial*")+COUNTIF('＠MFP (LSI name)'!O42,"Analog*")>0,'＠MFP (LSI name)'!O42,OFFSET('＠グループ、表示名'!$H$4,MATCH('＠MFP (LSI name)'!O42,'＠グループ、表示名'!$D$4:$D$250,0)-1,0))) -> SIF3_SBT3 | P42: =IF('＠MFP (LSI name)'!P42="","",IF(COUNTIF('＠MFP (LSI name)'!P42,"Serial*")+COUNTIF('＠MFP (LSI name)'!P42,"Analog*")>0,'＠MFP (LSI name)'!P42,OFFSET('＠グループ、表示名'!$H$4,MATCH('＠MFP (LSI name)'!P42,'＠グループ、表示名'!$D$4:$D$250,0)-1,0))) | Q42: =IF('＠MFP (LSI name)'!Q42="","",IF(COUNTIF('＠MFP (LSI name)'!Q42,"Serial*")+COUNTIF('＠MFP (LSI name)'!Q42,"Analog*")>0,'＠MFP (LSI name)'!Q42,OFFSET('＠グループ、表示名'!$H$4,MATCH('＠MFP (LSI name)'!Q42,'＠グループ、表示名'!$D$4:$D$250,0)-1,0))) | R42: =IF('＠MFP (LSI name)'!R42="","",IF(COUNTIF('＠MFP (LSI name)'!R42,"Serial*")+COUNTIF('＠MFP (LSI name)'!R42,"Analog*")>0,'＠MFP (LSI name)'!R42,OFFSET('＠グループ、表示名'!$H$4,MATCH('＠MFP (LSI name)'!R42,'＠グループ、表示名'!$D$4:$D$250,0)-1,0))) | ... AK42: =IF('＠MFP (LSI name)'!AK42="","",IF(COUNTIF('＠MFP (LSI name)'!AK42,"Serial*")+COUNTIF('＠MFP (LSI name)'!AK42,"Analog*")>0,'＠MFP (LSI name)'!AK42,OFFSET('＠グループ、表示名'!$H$4,MATCH('＠MFP (LSI name)'!AK42,'＠グループ、表示名'!$D$4:$D$250,0)-1,0))) | AL42: =IF(COUNTIF(J42,"P*")>0,"IO"&LEFT(J42,2)&"MD["&RIGHT(J42,1)*4+3&"]","") -> IOPAMD[19] | AM42: =IF(COUNTIF(J42,"P*")>0,"IO"&LEFT(J42,2)&"MD["&RIGHT(J42,1)*4+2&"]","") -> IOPAMD[18] | AN42: =IF(COUNTIF(J42,"P*")>0,"IO"&LEFT(J42,2)&"MD["&RIGHT(J42,1)*4+1&"]","") -> IOPAMD[17] | AO42: =IF(COUNTIF(J42,"P*")>0,"IO"&LEFT(J42,2)&"MD["&RIGHT(J42,1)*4&"]","") -> IOPAMD[16]
A43: 38 | B43: 38 | C43: 31 | F43: 38 | G43: 31 | I43: GPA[3] | J43: PA.3 | K43: =IF('＠MFP (LSI name)'!K43="","",IF(COUNTIF('＠MFP (LSI name)'!K43,"Serial*")+COUNTIF('＠MFP (LSI name)'!K43,"Analog*")>0,'＠MFP (LSI name)'!K43,OFFSET('＠グループ、表示名'!$H$4,MATCH('＠MFP (LSI name)'!K43,'＠グループ、表示名'!$D$4:$D$250,0)-1,0))) -> IRQ37 | L43: =IF('＠MFP (LSI name)'!L43="","",IF(COUNTIF('＠MFP (LSI name)'!L43,"Serial*")+COUNTIF('＠MFP (LSI name)'!L43,"Analog*")>0,'＠MFP (LSI name)'!L43,OFFSET('＠グループ、表示名'!$H$4,MATCH('＠MFP (LSI name)'!L43,'＠グループ、表示名'!$D$4:$D$250,0)-1,0))) -> TM13A | M43: =IF('＠MFP (LSI name)'!M43="","",IF(COUNTIF('＠MFP (LSI name)'!M43,"Serial*")+COUNTIF('＠MFP (LSI name)'!M43,"Analog*")>0,'＠MFP (LSI name)'!M43,OFFSET('＠グループ、表示名'!$H$4,MATCH('＠MFP (LSI name)'!M43,'＠グループ、表示名'!$D$4:$D$250,0)-1,0))) -> SIF3_SBCS3 | N43: =IF('＠MFP (LSI name)'!N43="","",IF(COUNTIF('＠MFP (LSI name)'!N43,"Serial*")+COUNTIF('＠MFP (LSI name)'!N43,"Analog*")>0,'＠MFP (LSI name)'!N43,OFFSET('＠グループ、表示名'!$H$4,MATCH('＠MFP (LSI name)'!N43,'＠グループ、表示名'!$D$4:$D$250,0)-1,0))) -> SIF5_SBCS5 | O43: =IF('＠MFP (LSI name)'!O43="","",IF(COUNTIF('＠MFP (LSI name)'!O43,"Serial*")+COUNTIF('＠MFP (LSI name)'!O43,"Analog*")>0,'＠MFP (LSI name)'!O43,OFFSET('＠グループ、表示名'!$H$4,MATCH('＠MFP (LSI name)'!O43,'＠グループ、表示名'!$D$4:$D$250,0)-1,0))) | P43: =IF('＠MFP (LSI name)'!P43="","",IF(COUNTIF('＠MFP (LSI name)'!P43,"Serial*")+COUNTIF('＠MFP (LSI name)'!P43,"Analog*")>0,'＠MFP (LSI name)'!P43,OFFSET('＠グループ、表示名'!$H$4,MATCH('＠MFP (LSI name)'!P43,'＠グループ、表示名'!$D$4:$D$250,0)-1,0))) | Q43: =IF('＠MFP (LSI name)'!Q43="","",IF(COUNTIF('＠MFP (LSI name)'!Q43,"Serial*")+COUNTIF('＠MFP (LSI name)'!Q43,"Analog*")>0,'＠MFP (LSI name)'!Q43,OFFSET('＠グループ、表示名'!$H$4,MATCH('＠MFP (LSI name)'!Q43,'＠グループ、表示名'!$D$4:$D$250,0)-1,0))) | R43: =IF('＠MFP (LSI name)'!R43="","",IF(COUNTIF('＠MFP (LSI name)'!R43,"Serial*")+COUNTIF('＠MFP (LSI name)'!R43,"Analog*")>0,'＠MFP (LSI name)'!R43,OFFSET('＠グループ、表示名'!$H$4,MATCH('＠MFP (LSI name)'!R43,'＠グループ、表示名'!$D$4:$D$250,0)-1,0))) | ... AK43: =IF('＠MFP (LSI name)'!AK43="","",IF(COUNTIF('＠MFP (LSI name)'!AK43,"Serial*")+COUNTIF('＠MFP (LSI name)'!AK43,"Analog*")>0,'＠MFP (LSI name)'!AK43,OFFSET('＠グループ、表示名'!$H$4,MATCH('＠MFP (LSI name)'!AK43,'＠グループ、表示名'!$D$4:$D$250,0)-1,0))) | AL43: =IF(COUNTIF(J43,"P*")>0,"IO"&LEFT(J43,2)&"MD["&RIGHT(J43,1)*4+3&"]","") -> IOPAMD[15] | AM43: =IF(COUNTIF(J43,"P*")>0,"IO"&LEFT(J43,2)&"MD["&RIGHT(J43,1)*4+2&"]","") -> IOPAMD[14] | AN43: =IF(COUNTIF(J43,"P*")>0,"IO"&LEFT(J43,2)&"MD["&RIGHT(J43,1)*4+1&"]","") -> IOPAMD[13] | AO43: =IF(COUNTIF(J43,"P*")>0,"IO"&LEFT(J43,2)&"MD["&RIGHT(J43,1)*4&"]","") -> IOPAMD[12]
A44: 39 | B44: 39 | F44: 39 | I44: GPA[2] | J44: PA.2 | K44: =IF('＠MFP (LSI name)'!K44="","",IF(COUNTIF('＠MFP (LSI name)'!K44,"Serial*")+COUNTIF('＠MFP (LSI name)'!K44,"Analog*")>0,'＠MFP (LSI name)'!K44,OFFSET('＠グループ、表示名'!$H$4,MATCH('＠MFP (LSI name)'!K44,'＠グループ、表示名'!$D$4:$D$250,0)-1,0))) -> TM07A | L44: =IF('＠MFP (LSI name)'!L44="","",IF(COUNTIF('＠MFP (LSI name)'!L44,"Serial*")+COUNTIF('＠MFP (LSI name)'!L44,"Analog*")>0,'＠MFP (LSI name)'!L44,OFFSET('＠グループ、表示名'!$H$4,MATCH('＠MFP (LSI name)'!L44,'＠グループ、表示名'!$D$4:$D$250,0)-1,0))) -> TM13B | M44: =IF('＠MFP (LSI name)'!M44="","",IF(COUNTIF('＠MFP (LSI name)'!M44,"Serial*")+COUNTIF('＠MFP (LSI name)'!M44,"Analog*")>0,'＠MFP (LSI name)'!M44,OFFSET('＠グループ、表示名'!$H$4,MATCH('＠MFP (LSI name)'!M44,'＠グループ、表示名'!$D$4:$D$250,0)-1,0))) -> SIF2_SBCS2 | N44: =IF('＠MFP (LSI name)'!N44="","",IF(COUNTIF('＠MFP (LSI name)'!N44,"Serial*")+COUNTIF('＠MFP (LSI name)'!N44,"Analog*")>0,'＠MFP (LSI name)'!N44,OFFSET('＠グループ、表示名'!$H$4,MATCH('＠MFP (LSI name)'!N44,'＠グループ、表示名'!$D$4:$D$250,0)-1,0))) | O44: =IF('＠MFP (LSI name)'!O44="","",IF(COUNTIF('＠MFP (LSI name)'!O44,"Serial*")+COUNTIF('＠MFP (LSI name)'!O44,"Analog*")>0,'＠MFP (LSI name)'!O44,OFFSET('＠グループ、表示名'!$H$4,MATCH('＠MFP (LSI name)'!O44,'＠グループ、表示名'!$D$4:$D$250,0)-1,0))) | P44: =IF('＠MFP (LSI name)'!P44="","",IF(COUNTIF('＠MFP (LSI name)'!P44,"Serial*")+COUNTIF('＠MFP (LSI name)'!P44,"Analog*")>0,'＠MFP (LSI name)'!P44,OFFSET('＠グループ、表示名'!$H$4,MATCH('＠MFP (LSI name)'!P44,'＠グループ、表示名'!$D$4:$D$250,0)-1,0))) | Q44: =IF('＠MFP (LSI name)'!Q44="","",IF(COUNTIF('＠MFP (LSI name)'!Q44,"Serial*")+COUNTIF('＠MFP (LSI name)'!Q44,"Analog*")>0,'＠MFP (LSI name)'!Q44,OFFSET('＠グループ、表示名'!$H$4,MATCH('＠MFP (LSI name)'!Q44,'＠グループ、表示名'!$D$4:$D$250,0)-1,0))) | R44: =IF('＠MFP (LSI name)'!R44="","",IF(COUNTIF('＠MFP (LSI name)'!R44,"Serial*")+COUNTIF('＠MFP (LSI name)'!R44,"Analog*")>0,'＠MFP (LSI name)'!R44,OFFSET('＠グループ、表示名'!$H$4,MATCH('＠MFP (LSI name)'!R44,'＠グループ、表示名'!$D$4:$D$250,0)-1,0))) | ... AK44: =IF('＠MFP (LSI name)'!AK44="","",IF(COUNTIF('＠MFP (LSI name)'!AK44,"Serial*")+COUNTIF('＠MFP (LSI name)'!AK44,"Analog*")>0,'＠MFP (LSI name)'!AK44,OFFSET('＠グループ、表示名'!$H$4,MATCH('＠MFP (LSI name)'!AK44,'＠グループ、表示名'!$D$4:$D$250,0)-1,0))) | AL44: =IF(COUNTIF(J44,"P*")>0,"IO"&LEFT(J44,2)&"MD["&RIGHT(J44,1)*4+3&"]","") -> IOPAMD[11] | AM44: =IF(COUNTIF(J44,"P*")>0,"IO"&LEFT(J44,2)&"MD["&RIGHT(J44,1)*4+2&"]","") -> IOPAMD[10] | AN44: =IF(COUNTIF(J44,"P*")>0,"IO"&LEFT(J44,2)&"MD["&RIGHT(J44,1)*4+1&"]","") -> IOPAMD[9] | AO44: =IF(COUNTIF(J44,"P*")>0,"IO"&LEFT(J44,2)&"MD["&RIGHT(J44,1)*4&"]","") -> IOPAMD[8]
A45: 40 | B45: 40 | F45: 40 | I45: GPA[1] | J45: PA.1 | K45: =IF('＠MFP (LSI name)'!K45="","",IF(COUNTIF('＠MFP (LSI name)'!K45,"Serial*")+COUNTIF('＠MFP (LSI name)'!K45,"Analog*")>0,'＠MFP (LSI name)'!K45,OFFSET('＠グループ、表示名'!$H$4,MATCH('＠MFP (LSI name)'!K45,'＠グループ、表示名'!$D$4:$D$250,0)-1,0))) -> IRQ20 | L45: =IF('＠MFP (LSI name)'!L45="","",IF(COUNTIF('＠MFP (LSI name)'!L45,"Serial*")+COUNTIF('＠MFP (LSI name)'!L45,"Analog*")>0,'＠MFP (LSI name)'!L45,OFFSET('＠グループ、表示名'!$H$4,MATCH('＠MFP (LSI name)'!L45,'＠グループ、表示名'!$D$4:$D$250,0)-1,0))) -> TM04A | M45: =IF('＠MFP (LSI name)'!M45="","",IF(COUNTIF('＠MFP (LSI name)'!M45,"Serial*")+COUNTIF('＠MFP (LSI name)'!M45,"Analog*")>0,'＠MFP (LSI name)'!M45,OFFSET('＠グループ、表示名'!$H$4,MATCH('＠MFP (LSI name)'!M45,'＠グループ、表示名'!$D$4:$D$250,0)-1,0))) -> GPWM3_GPWM30 | N45: =IF('＠MFP (LSI name)'!N45="","",IF(COUNTIF('＠MFP (LSI name)'!N45,"Serial*")+COUNTIF('＠MFP (LSI name)'!N45,"Analog*")>0,'＠MFP (LSI name)'!N45,OFFSET('＠グループ、表示名'!$H$4,MATCH('＠MFP (LSI name)'!N45,'＠グループ、表示名'!$D$4:$D$250,0)-1,0))) | O45: =IF('＠MFP (LSI name)'!O45="","",IF(COUNTIF('＠MFP (LSI name)'!O45,"Serial*")+COUNTIF('＠MFP (LSI name)'!O45,"Analog*")>0,'＠MFP (LSI name)'!O45,OFFSET('＠グループ、表示名'!$H$4,MATCH('＠MFP (LSI name)'!O45,'＠グループ、表示名'!$D$4:$D$250,0)-1,0))) | P45: =IF('＠MFP (LSI name)'!P45="","",IF(COUNTIF('＠MFP (LSI name)'!P45,"Serial*")+COUNTIF('＠MFP (LSI name)'!P45,"Analog*")>0,'＠MFP (LSI name)'!P45,OFFSET('＠グループ、表示名'!$H$4,MATCH('＠MFP (LSI name)'!P45,'＠グループ、表示名'!$D$4:$D$250,0)-1,0))) | Q45: =IF('＠MFP (LSI name)'!Q45="","",IF(COUNTIF('＠MFP (LSI name)'!Q45,"Serial*")+COUNTIF('＠MFP (LSI name)'!Q45,"Analog*")>0,'＠MFP (LSI name)'!Q45,OFFSET('＠グループ、表示名'!$H$4,MATCH('＠MFP (LSI name)'!Q45,'＠グループ、表示名'!$D$4:$D$250,0)-1,0))) | R45: =IF('＠MFP (LSI name)'!R45="","",IF(COUNTIF('＠MFP (LSI name)'!R45,"Serial*")+COUNTIF('＠MFP (LSI name)'!R45,"Analog*")>0,'＠MFP (LSI name)'!R45,OFFSET('＠グループ、表示名'!$H$4,MATCH('＠MFP (LSI name)'!R45,'＠グループ、表示名'!$D$4:$D$250,0)-1,0))) | ... AK45: =IF('＠MFP (LSI name)'!AK45="","",IF(COUNTIF('＠MFP (LSI name)'!AK45,"Serial*")+COUNTIF('＠MFP (LSI name)'!AK45,"Analog*")>0,'＠MFP (LSI name)'!AK45,OFFSET('＠グループ、表示名'!$H$4,MATCH('＠MFP (LSI name)'!AK45,'＠グループ、表示名'!$D$4:$D$250,0)-1,0))) | AL45: =IF(COUNTIF(J45,"P*")>0,"IO"&LEFT(J45,2)&"MD["&RIGHT(J45,1)*4+3&"]","") -> IOPAMD[7] | AM45: =IF(COUNTIF(J45,"P*")>0,"IO"&LEFT(J45,2)&"MD["&RIGHT(J45,1)*4+2&"]","") -> IOPAMD[6] | AN45: =IF(COUNTIF(J45,"P*")>0,"IO"&LEFT(J45,2)&"MD["&RIGHT(J45,1)*4+1&"]","") -> IOPAMD[5] | AO45: =IF(COUNTIF(J45,"P*")>0,"IO"&LEFT(J45,2)&"MD["&RIGHT(J45,1)*4&"]","") -> IOPAMD[4]
A46: 41 | B46: 41 | F46: 41 | I46: GPA[0] | J46: PA.0 | K46: =IF('＠MFP (LSI name)'!K46="","",IF(COUNTIF('＠MFP (LSI name)'!K46,"Serial*")+COUNTIF('＠MFP (LSI name)'!K46,"Analog*")>0,'＠MFP (LSI name)'!K46,OFFSET('＠グループ、表示名'!$H$4,MATCH('＠MFP (LSI name)'!K46,'＠グループ、表示名'!$D$4:$D$250,0)-1,0))) -> TM02A | L46: =IF('＠MFP (LSI name)'!L46="","",IF(COUNTIF('＠MFP (LSI name)'!L46,"Serial*")+COUNTIF('＠MFP (LSI name)'!L46,"Analog*")>0,'＠MFP (LSI name)'!L46,OFFSET('＠グループ、表示名'!$H$4,MATCH('＠MFP (LSI name)'!L46,'＠グループ、表示名'!$D$4:$D$250,0)-1,0))) -> GPWM4_GPWM40 | M46: =IF('＠MFP (LSI name)'!M46="","",IF(COUNTIF('＠MFP (LSI name)'!M46,"Serial*")+COUNTIF('＠MFP (LSI name)'!M46,"Analog*")>0,'＠MFP (LSI name)'!M46,OFFSET('＠グループ、表示名'!$H$4,MATCH('＠MFP (LSI name)'!M46,'＠グループ、表示名'!$D$4:$D$250,0)-1,0))) | N46: =IF('＠MFP (LSI name)'!N46="","",IF(COUNTIF('＠MFP (LSI name)'!N46,"Serial*")+COUNTIF('＠MFP (LSI name)'!N46,"Analog*")>0,'＠MFP (LSI name)'!N46,OFFSET('＠グループ、表示名'!$H$4,MATCH('＠MFP (LSI name)'!N46,'＠グループ、表示名'!$D$4:$D$250,0)-1,0))) | O46: =IF('＠MFP (LSI name)'!O46="","",IF(COUNTIF('＠MFP (LSI name)'!O46,"Serial*")+COUNTIF('＠MFP (LSI name)'!O46,"Analog*")>0,'＠MFP (LSI name)'!O46,OFFSET('＠グループ、表示名'!$H$4,MATCH('＠MFP (LSI name)'!O46,'＠グループ、表示名'!$D$4:$D$250,0)-1,0))) | P46: =IF('＠MFP (LSI name)'!P46="","",IF(COUNTIF('＠MFP (LSI name)'!P46,"Serial*")+COUNTIF('＠MFP (LSI name)'!P46,"Analog*")>0,'＠MFP (LSI name)'!P46,OFFSET('＠グループ、表示名'!$H$4,MATCH('＠MFP (LSI name)'!P46,'＠グループ、表示名'!$D$4:$D$250,0)-1,0))) | Q46: =IF('＠MFP (LSI name)'!Q46="","",IF(COUNTIF('＠MFP (LSI name)'!Q46,"Serial*")+COUNTIF('＠MFP (LSI name)'!Q46,"Analog*")>0,'＠MFP (LSI name)'!Q46,OFFSET('＠グループ、表示名'!$H$4,MATCH('＠MFP (LSI name)'!Q46,'＠グループ、表示名'!$D$4:$D$250,0)-1,0))) | R46: =IF('＠MFP (LSI name)'!R46="","",IF(COUNTIF('＠MFP (LSI name)'!R46,"Serial*")+COUNTIF('＠MFP (LSI name)'!R46,"Analog*")>0,'＠MFP (LSI name)'!R46,OFFSET('＠グループ、表示名'!$H$4,MATCH('＠MFP (LSI name)'!R46,'＠グループ、表示名'!$D$4:$D$250,0)-1,0))) | ... AK46: =IF('＠MFP (LSI name)'!AK46="","",IF(COUNTIF('＠MFP (LSI name)'!AK46,"Serial*")+COUNTIF('＠MFP (LSI name)'!AK46,"Analog*")>0,'＠MFP (LSI name)'!AK46,OFFSET('＠グループ、表示名'!$H$4,MATCH('＠MFP (LSI name)'!AK46,'＠グループ、表示名'!$D$4:$D$250,0)-1,0))) | AL46: =IF(COUNTIF(J46,"P*")>0,"IO"&LEFT(J46,2)&"MD["&RIGHT(J46,1)*4+3&"]","") -> IOPAMD[3] | AM46: =IF(COUNTIF(J46,"P*")>0,"IO"&LEFT(J46,2)&"MD["&RIGHT(J46,1)*4+2&"]","") -> IOPAMD[2] | AN46: =IF(COUNTIF(J46,"P*")>0,"IO"&LEFT(J46,2)&"MD["&RIGHT(J46,1)*4+1&"]","") -> IOPAMD[1] | AO46: =IF(COUNTIF(J46,"P*")>0,"IO"&LEFT(J46,2)&"MD["&RIGHT(J46,1)*4&"]","") -> IOPAMD[0]
A47: 42 | B47: 42 | C47: 32 | D47: 23 | F47: 42 | G47: 32 | H47: 23 | I47: GPF[1] | J47: PF.1 | K47: =IF('＠MFP (LSI name)'!K47="","",IF(COUNTIF('＠MFP (LSI name)'!K47,"Serial*")+COUNTIF('＠MFP (LSI name)'!K47,"Analog*")>0,'＠MFP (LSI name)'!K47,OFFSET('＠グループ、表示名'!$H$4,MATCH('＠MFP (LSI name)'!K47,'＠グループ、表示名'!$D$4:$D$250,0)-1,0))) -> TM00A | L47: =IF('＠MFP (LSI name)'!L47="","",IF(COUNTIF('＠MFP (LSI name)'!L47,"Serial*")+COUNTIF('＠MFP (LSI name)'!L47,"Analog*")>0,'＠MFP (LSI name)'!L47,OFFSET('＠グループ、表示名'!$H$4,MATCH('＠MFP (LSI name)'!L47,'＠グループ、表示名'!$D$4:$D$250,0)-1,0))) -> TM02B | M47: =IF('＠MFP (LSI name)'!M47="","",IF(COUNTIF('＠MFP (LSI name)'!M47,"Serial*")+COUNTIF('＠MFP (LSI name)'!M47,"Analog*")>0,'＠MFP (LSI name)'!M47,OFFSET('＠グループ、表示名'!$H$4,MATCH('＠MFP (LSI name)'!M47,'＠グループ、表示名'!$D$4:$D$250,0)-1,0))) -> SIF5_SBT5 | N47: =IF('＠MFP (LSI name)'!N47="","",IF(COUNTIF('＠MFP (LSI name)'!N47,"Serial*")+COUNTIF('＠MFP (LSI name)'!N47,"Analog*")>0,'＠MFP (LSI name)'!N47,OFFSET('＠グループ、表示名'!$H$4,MATCH('＠MFP (LSI name)'!N47,'＠グループ、表示名'!$D$4:$D$250,0)-1,0))) | O47: =IF('＠MFP (LSI name)'!O47="","",IF(COUNTIF('＠MFP (LSI name)'!O47,"Serial*")+COUNTIF('＠MFP (LSI name)'!O47,"Analog*")>0,'＠MFP (LSI name)'!O47,OFFSET('＠グループ、表示名'!$H$4,MATCH('＠MFP (LSI name)'!O47,'＠グループ、表示名'!$D$4:$D$250,0)-1,0))) | P47: =IF('＠MFP (LSI name)'!P47="","",IF(COUNTIF('＠MFP (LSI name)'!P47,"Serial*")+COUNTIF('＠MFP (LSI name)'!P47,"Analog*")>0,'＠MFP (LSI name)'!P47,OFFSET('＠グループ、表示名'!$H$4,MATCH('＠MFP (LSI name)'!P47,'＠グループ、表示名'!$D$4:$D$250,0)-1,0))) | Q47: =IF('＠MFP (LSI name)'!Q47="","",IF(COUNTIF('＠MFP (LSI name)'!Q47,"Serial*")+COUNTIF('＠MFP (LSI name)'!Q47,"Analog*")>0,'＠MFP (LSI name)'!Q47,OFFSET('＠グループ、表示名'!$H$4,MATCH('＠MFP (LSI name)'!Q47,'＠グループ、表示名'!$D$4:$D$250,0)-1,0))) | R47: =IF('＠MFP (LSI name)'!R47="","",IF(COUNTIF('＠MFP (LSI name)'!R47,"Serial*")+COUNTIF('＠MFP (LSI name)'!R47,"Analog*")>0,'＠MFP (LSI name)'!R47,OFFSET('＠グループ、表示名'!$H$4,MATCH('＠MFP (LSI name)'!R47,'＠グループ、表示名'!$D$4:$D$250,0)-1,0))) | ... AK47: =IF('＠MFP (LSI name)'!AK47="","",IF(COUNTIF('＠MFP (LSI name)'!AK47,"Serial*")+COUNTIF('＠MFP (LSI name)'!AK47,"Analog*")>0,'＠MFP (LSI name)'!AK47,OFFSET('＠グループ、表示名'!$H$4,MATCH('＠MFP (LSI name)'!AK47,'＠グループ、表示名'!$D$4:$D$250,0)-1,0))) | AL47: =IF(COUNTIF(J47,"P*")>0,"IO"&LEFT(J47,2)&"MD["&RIGHT(J47,1)*4+3&"]","") -> IOPFMD[7] | AM47: =IF(COUNTIF(J47,"P*")>0,"IO"&LEFT(J47,2)&"MD["&RIGHT(J47,1)*4+2&"]","") -> IOPFMD[6] | AN47: =IF(COUNTIF(J47,"P*")>0,"IO"&LEFT(J47,2)&"MD["&RIGHT(J47,1)*4+1&"]","") -> IOPFMD[5] | AO47: =IF(COUNTIF(J47,"P*")>0,"IO"&LEFT(J47,2)&"MD["&RIGHT(J47,1)*4&"]","") -> IOPFMD[4]
A48: 43 | B48: 43 | C48: 33 | D48: 24 | E48: 17 | F48: 43 | G48: 33 | H48: 24 | I48: GP9[6] | J48: P9.6 | K48: =IF('＠MFP (LSI name)'!K48="","",IF(COUNTIF('＠MFP (LSI name)'!K48,"Serial*")+COUNTIF('＠MFP (LSI name)'!K48,"Analog*")>0,'＠MFP (LSI name)'!K48,OFFSET('＠グループ、表示名'!$H$4,MATCH('＠MFP (LSI name)'!K48,'＠グループ、表示名'!$D$4:$D$250,0)-1,0))) -> IRQ04 | L48: =IF('＠MFP (LSI name)'!L48="","",IF(COUNTIF('＠MFP (LSI name)'!L48,"Serial*")+COUNTIF('＠MFP (LSI name)'!L48,"Analog*")>0,'＠MFP (LSI name)'!L48,OFFSET('＠グループ、表示名'!$H$4,MATCH('＠MFP (LSI name)'!L48,'＠グループ、表示名'!$D$4:$D$250,0)-1,0))) -> IRQ11 | M48: =IF('＠MFP (LSI name)'!M48="","",IF(COUNTIF('＠MFP (LSI name)'!M48,"Serial*")+COUNTIF('＠MFP (LSI name)'!M48,"Analog*")>0,'＠MFP (LSI name)'!M48,OFFSET('＠グループ、表示名'!$H$4,MATCH('＠MFP (LSI name)'!M48,'＠グループ、表示名'!$D$4:$D$250,0)-1,0))) -> GPWM7_GPWMST7 | N48: =IF('＠MFP (LSI name)'!N48="","",IF(COUNTIF('＠MFP (LSI name)'!N48,"Serial*")+COUNTIF('＠MFP (LSI name)'!N48,"Analog*")>0,'＠MFP (LSI name)'!N48,OFFSET('＠グループ、表示名'!$H$4,MATCH('＠MFP (LSI name)'!N48,'＠グループ、表示名'!$D$4:$D$250,0)-1,0))) -> SIF5_SBI5 | O48: =IF('＠MFP (LSI name)'!O48="","",IF(COUNTIF('＠MFP (LSI name)'!O48,"Serial*")+COUNTIF('＠MFP (LSI name)'!O48,"Analog*")>0,'＠MFP (LSI name)'!O48,OFFSET('＠グループ、表示名'!$H$4,MATCH('＠MFP (LSI name)'!O48,'＠グループ、表示名'!$D$4:$D$250,0)-1,0))) -> SIF5_SBO5 | P48: =IF('＠MFP (LSI name)'!P48="","",IF(COUNTIF('＠MFP (LSI name)'!P48,"Serial*")+COUNTIF('＠MFP (LSI name)'!P48,"Analog*")>0,'＠MFP (LSI name)'!P48,OFFSET('＠グループ、表示名'!$H$4,MATCH('＠MFP (LSI name)'!P48,'＠グループ、表示名'!$D$4:$D$250,0)-1,0))) | Q48: =IF('＠MFP (LSI name)'!Q48="","",IF(COUNTIF('＠MFP (LSI name)'!Q48,"Serial*")+COUNTIF('＠MFP (LSI name)'!Q48,"Analog*")>0,'＠MFP (LSI name)'!Q48,OFFSET('＠グループ、表示名'!$H$4,MATCH('＠MFP (LSI name)'!Q48,'＠グループ、表示名'!$D$4:$D$250,0)-1,0))) | R48: =IF('＠MFP (LSI name)'!R48="","",IF(COUNTIF('＠MFP (LSI name)'!R48,"Serial*")+COUNTIF('＠MFP (LSI name)'!R48,"Analog*")>0,'＠MFP (LSI name)'!R48,OFFSET('＠グループ、表示名'!$H$4,MATCH('＠MFP (LSI name)'!R48,'＠グループ、表示名'!$D$4:$D$250,0)-1,0))) | ... AK48: =IF('＠MFP (LSI name)'!AK48="","",IF(COUNTIF('＠MFP (LSI name)'!AK48,"Serial*")+COUNTIF('＠MFP (LSI name)'!AK48,"Analog*")>0,'＠MFP (LSI name)'!AK48,OFFSET('＠グループ、表示名'!$H$4,MATCH('＠MFP (LSI name)'!AK48,'＠グループ、表示名'!$D$4:$D$250,0)-1,0))) | AL48: =IF(COUNTIF(J48,"P*")>0,"IO"&LEFT(J48,2)&"MD["&RIGHT(J48,1)*4+3&"]","") -> IOP9MD[27] | AM48: =IF(COUNTIF(J48,"P*")>0,"IO"&LEFT(J48,2)&"MD["&RIGHT(J48,1)*4+2&"]","") -> IOP9MD[26] | AN48: =IF(COUNTIF(J48,"P*")>0,"IO"&LEFT(J48,2)&"MD["&RIGHT(J48,1)*4+1&"]","") -> IOP9MD[25] | AO48: =IF(COUNTIF(J48,"P*")>0,"IO"&LEFT(J48,2)&"MD["&RIGHT(J48,1)*4&"]","") -> IOP9MD[24]
A49: 44 | B49: 44 | C49: 34 | D49: 25 | F49: 44 | G49: 34 | H49: 25 | I49: GPF[2] | J49: PF.2 | K49: =IF('＠MFP (LSI name)'!K49="","",IF(COUNTIF('＠MFP (LSI name)'!K49,"Serial*")+COUNTIF('＠MFP (LSI name)'!K49,"Analog*")>0,'＠MFP (LSI name)'!K49,OFFSET('＠グループ、表示名'!$H$4,MATCH('＠MFP (LSI name)'!K49,'＠グループ、表示名'!$D$4:$D$250,0)-1,0))) -> IRQ14 | L49: =IF('＠MFP (LSI name)'!L49="","",IF(COUNTIF('＠MFP (LSI name)'!L49,"Serial*")+COUNTIF('＠MFP (LSI name)'!L49,"Analog*")>0,'＠MFP (LSI name)'!L49,OFFSET('＠グループ、表示名'!$H$4,MATCH('＠MFP (LSI name)'!L49,'＠グループ、表示名'!$D$4:$D$250,0)-1,0))) -> IRQ20 | M49: =IF('＠MFP (LSI name)'!M49="","",IF(COUNTIF('＠MFP (LSI name)'!M49,"Serial*")+COUNTIF('＠MFP (LSI name)'!M49,"Analog*")>0,'＠MFP (LSI name)'!M49,OFFSET('＠グループ、表示名'!$H$4,MATCH('＠MFP (LSI name)'!M49,'＠グループ、表示名'!$D$4:$D$250,0)-1,0))) -> IRQ37 | N49: =IF('＠MFP (LSI name)'!N49="","",IF(COUNTIF('＠MFP (LSI name)'!N49,"Serial*")+COUNTIF('＠MFP (LSI name)'!N49,"Analog*")>0,'＠MFP (LSI name)'!N49,OFFSET('＠グループ、表示名'!$H$4,MATCH('＠MFP (LSI name)'!N49,'＠グループ、表示名'!$D$4:$D$250,0)-1,0))) -> SIF5_SBI5 | O49: =IF('＠MFP (LSI name)'!O49="","",IF(COUNTIF('＠MFP (LSI name)'!O49,"Serial*")+COUNTIF('＠MFP (LSI name)'!O49,"Analog*")>0,'＠MFP (LSI name)'!O49,OFFSET('＠グループ、表示名'!$H$4,MATCH('＠MFP (LSI name)'!O49,'＠グループ、表示名'!$D$4:$D$250,0)-1,0))) -> SIF5_SBO5 | P49: =IF('＠MFP (LSI name)'!P49="","",IF(COUNTIF('＠MFP (LSI name)'!P49,"Serial*")+COUNTIF('＠MFP (LSI name)'!P49,"Analog*")>0,'＠MFP (LSI name)'!P49,OFFSET('＠グループ、表示名'!$H$4,MATCH('＠MFP (LSI name)'!P49,'＠グループ、表示名'!$D$4:$D$250,0)-1,0))) | Q49: =IF('＠MFP (LSI name)'!Q49="","",IF(COUNTIF('＠MFP (LSI name)'!Q49,"Serial*")+COUNTIF('＠MFP (LSI name)'!Q49,"Analog*")>0,'＠MFP (LSI name)'!Q49,OFFSET('＠グループ、表示名'!$H$4,MATCH('＠MFP (LSI name)'!Q49,'＠グループ、表示名'!$D$4:$D$250,0)-1,0))) | R49: =IF('＠MFP (LSI name)'!R49="","",IF(COUNTIF('＠MFP (LSI name)'!R49,"Serial*")+COUNTIF('＠MFP (LSI name)'!R49,"Analog*")>0,'＠MFP (LSI name)'!R49,OFFSET('＠グループ、表示名'!$H$4,MATCH('＠MFP (LSI name)'!R49,'＠グループ、表示名'!$D$4:$D$250,0)-1,0))) | ... AK49: =IF('＠MFP (LSI name)'!AK49="","",IF(COUNTIF('＠MFP (LSI name)'!AK49,"Serial*")+COUNTIF('＠MFP (LSI name)'!AK49,"Analog*")>0,'＠MFP (LSI name)'!AK49,OFFSET('＠グループ、表示名'!$H$4,MATCH('＠MFP (LSI name)'!AK49,'＠グループ、表示名'!$D$4:$D$250,0)-1,0))) | AL49: =IF(COUNTIF(J49,"P*")>0,"IO"&LEFT(J49,2)&"MD["&RIGHT(J49,1)*4+3&"]","") -> IOPFMD[11] | AM49: =IF(COUNTIF(J49,"P*")>0,"IO"&LEFT(J49,2)&"MD["&RIGHT(J49,1)*4+2&"]","") -> IOPFMD[10] | AN49: =IF(COUNTIF(J49,"P*")>0,"IO"&LEFT(J49,2)&"MD["&RIGHT(J49,1)*4+1&"]","") -> IOPFMD[9] | AO49: =IF(COUNTIF(J49,"P*")>0,"IO"&LEFT(J49,2)&"MD["&RIGHT(J49,1)*4&"]","") -> IOPFMD[8]
A50: 45 | B50: 45 | C50: 35 | D50: 26 | E50: 18 | F50: 45 | G50: 35 | H50: 26 | I50: GP9[5] | J50: P9.5 | K50: =IF('＠MFP (LSI name)'!K50="","",IF(COUNTIF('＠MFP (LSI name)'!K50,"Serial*")+COUNTIF('＠MFP (LSI name)'!K50,"Analog*")>0,'＠MFP (LSI name)'!K50,OFFSET('＠グループ、表示名'!$H$4,MATCH('＠MFP (LSI name)'!K50,'＠グループ、表示名'!$D$4:$D$250,0)-1,0))) -> GPWM3_GPWM30 | L50: =IF('＠MFP (LSI name)'!L50="","",IF(COUNTIF('＠MFP (LSI name)'!L50,"Serial*")+COUNTIF('＠MFP (LSI name)'!L50,"Analog*")>0,'＠MFP (LSI name)'!L50,OFFSET('＠グループ、表示名'!$H$4,MATCH('＠MFP (LSI name)'!L50,'＠グループ、表示名'!$D$4:$D$250,0)-1,0))) | M50: =IF('＠MFP (LSI name)'!M50="","",IF(COUNTIF('＠MFP (LSI name)'!M50,"Serial*")+COUNTIF('＠MFP (LSI name)'!M50,"Analog*")>0,'＠MFP (LSI name)'!M50,OFFSET('＠グループ、表示名'!$H$4,MATCH('＠MFP (LSI name)'!M50,'＠グループ、表示名'!$D$4:$D$250,0)-1,0))) | N50: =IF('＠MFP (LSI name)'!N50="","",IF(COUNTIF('＠MFP (LSI name)'!N50,"Serial*")+COUNTIF('＠MFP (LSI name)'!N50,"Analog*")>0,'＠MFP (LSI name)'!N50,OFFSET('＠グループ、表示名'!$H$4,MATCH('＠MFP (LSI name)'!N50,'＠グループ、表示名'!$D$4:$D$250,0)-1,0))) | O50: =IF('＠MFP (LSI name)'!O50="","",IF(COUNTIF('＠MFP (LSI name)'!O50,"Serial*")+COUNTIF('＠MFP (LSI name)'!O50,"Analog*")>0,'＠MFP (LSI name)'!O50,OFFSET('＠グループ、表示名'!$H$4,MATCH('＠MFP (LSI name)'!O50,'＠グループ、表示名'!$D$4:$D$250,0)-1,0))) | P50: =IF('＠MFP (LSI name)'!P50="","",IF(COUNTIF('＠MFP (LSI name)'!P50,"Serial*")+COUNTIF('＠MFP (LSI name)'!P50,"Analog*")>0,'＠MFP (LSI name)'!P50,OFFSET('＠グループ、表示名'!$H$4,MATCH('＠MFP (LSI name)'!P50,'＠グループ、表示名'!$D$4:$D$250,0)-1,0))) | Q50: =IF('＠MFP (LSI name)'!Q50="","",IF(COUNTIF('＠MFP (LSI name)'!Q50,"Serial*")+COUNTIF('＠MFP (LSI name)'!Q50,"Analog*")>0,'＠MFP (LSI name)'!Q50,OFFSET('＠グループ、表示名'!$H$4,MATCH('＠MFP (LSI name)'!Q50,'＠グループ、表示名'!$D$4:$D$250,0)-1,0))) | R50: =IF('＠MFP (LSI name)'!R50="","",IF(COUNTIF('＠MFP (LSI name)'!R50,"Serial*")+COUNTIF('＠MFP (LSI name)'!R50,"Analog*")>0,'＠MFP (LSI name)'!R50,OFFSET('＠グループ、表示名'!$H$4,MATCH('＠MFP (LSI name)'!R50,'＠グループ、表示名'!$D$4:$D$250,0)-1,0))) | ... AK50: =IF('＠MFP (LSI name)'!AK50="","",IF(COUNTIF('＠MFP (LSI name)'!AK50,"Serial*")+COUNTIF('＠MFP (LSI name)'!AK50,"Analog*")>0,'＠MFP (LSI name)'!AK50,OFFSET('＠グループ、表示名'!$H$4,MATCH('＠MFP (LSI name)'!AK50,'＠グループ、表示名'!$D$4:$D$250,0)-1,0))) | AL50: =IF(COUNTIF(J50,"P*")>0,"IO"&LEFT(J50,2)&"MD["&RIGHT(J50,1)*4+3&"]","") -> IOP9MD[23] | AM50: =IF(COUNTIF(J50,"P*")>0,"IO"&LEFT(J50,2)&"MD["&RIGHT(J50,1)*4+2&"]","") -> IOP9MD[22] | AN50: =IF(COUNTIF(J50,"P*")>0,"IO"&LEFT(J50,2)&"MD["&RIGHT(J50,1)*4+1&"]","") -> IOP9MD[21] | AO50: =IF(COUNTIF(J50,"P*")>0,"IO"&LEFT(J50,2)&"MD["&RIGHT(J50,1)*4&"]","") -> IOP9MD[20]
A51: 46 | B51: 46 | C51: 36 | D51: 27 | E51: 19 | F51: 46 | G51: 36 | H51: 27 | I51: GP9[4] | J51: P9.4 | K51: =IF('＠MFP (LSI name)'!K51="","",IF(COUNTIF('＠MFP (LSI name)'!K51,"Serial*")+COUNTIF('＠MFP (LSI name)'!K51,"Analog*")>0,'＠MFP (LSI name)'!K51,OFFSET('＠グループ、表示名'!$H$4,MATCH('＠MFP (LSI name)'!K51,'＠グループ、表示名'!$D$4:$D$250,0)-1,0))) -> GPWM4_GPWM40 | L51: =IF('＠MFP (LSI name)'!L51="","",IF(COUNTIF('＠MFP (LSI name)'!L51,"Serial*")+COUNTIF('＠MFP (LSI name)'!L51,"Analog*")>0,'＠MFP (LSI name)'!L51,OFFSET('＠グループ、表示名'!$H$4,MATCH('＠MFP (LSI name)'!L51,'＠グループ、表示名'!$D$4:$D$250,0)-1,0))) | M51: =IF('＠MFP (LSI name)'!M51="","",IF(COUNTIF('＠MFP (LSI name)'!M51,"Serial*")+COUNTIF('＠MFP (LSI name)'!M51,"Analog*")>0,'＠MFP (LSI name)'!M51,OFFSET('＠グループ、表示名'!$H$4,MATCH('＠MFP (LSI name)'!M51,'＠グループ、表示名'!$D$4:$D$250,0)-1,0))) | N51: =IF('＠MFP (LSI name)'!N51="","",IF(COUNTIF('＠MFP (LSI name)'!N51,"Serial*")+COUNTIF('＠MFP (LSI name)'!N51,"Analog*")>0,'＠MFP (LSI name)'!N51,OFFSET('＠グループ、表示名'!$H$4,MATCH('＠MFP (LSI name)'!N51,'＠グループ、表示名'!$D$4:$D$250,0)-1,0))) | O51: =IF('＠MFP (LSI name)'!O51="","",IF(COUNTIF('＠MFP (LSI name)'!O51,"Serial*")+COUNTIF('＠MFP (LSI name)'!O51,"Analog*")>0,'＠MFP (LSI name)'!O51,OFFSET('＠グループ、表示名'!$H$4,MATCH('＠MFP (LSI name)'!O51,'＠グループ、表示名'!$D$4:$D$250,0)-1,0))) | P51: =IF('＠MFP (LSI name)'!P51="","",IF(COUNTIF('＠MFP (LSI name)'!P51,"Serial*")+COUNTIF('＠MFP (LSI name)'!P51,"Analog*")>0,'＠MFP (LSI name)'!P51,OFFSET('＠グループ、表示名'!$H$4,MATCH('＠MFP (LSI name)'!P51,'＠グループ、表示名'!$D$4:$D$250,0)-1,0))) | Q51: =IF('＠MFP (LSI name)'!Q51="","",IF(COUNTIF('＠MFP (LSI name)'!Q51,"Serial*")+COUNTIF('＠MFP (LSI name)'!Q51,"Analog*")>0,'＠MFP (LSI name)'!Q51,OFFSET('＠グループ、表示名'!$H$4,MATCH('＠MFP (LSI name)'!Q51,'＠グループ、表示名'!$D$4:$D$250,0)-1,0))) | R51: =IF('＠MFP (LSI name)'!R51="","",IF(COUNTIF('＠MFP (LSI name)'!R51,"Serial*")+COUNTIF('＠MFP (LSI name)'!R51,"Analog*")>0,'＠MFP (LSI name)'!R51,OFFSET('＠グループ、表示名'!$H$4,MATCH('＠MFP (LSI name)'!R51,'＠グループ、表示名'!$D$4:$D$250,0)-1,0))) | ... AK51: =IF('＠MFP (LSI name)'!AK51="","",IF(COUNTIF('＠MFP (LSI name)'!AK51,"Serial*")+COUNTIF('＠MFP (LSI name)'!AK51,"Analog*")>0,'＠MFP (LSI name)'!AK51,OFFSET('＠グループ、表示名'!$H$4,MATCH('＠MFP (LSI name)'!AK51,'＠グループ、表示名'!$D$4:$D$250,0)-1,0))) | AL51: =IF(COUNTIF(J51,"P*")>0,"IO"&LEFT(J51,2)&"MD["&RIGHT(J51,1)*4+3&"]","") -> IOP9MD[19] | AM51: =IF(COUNTIF(J51,"P*")>0,"IO"&LEFT(J51,2)&"MD["&RIGHT(J51,1)*4+2&"]","") -> IOP9MD[18] | AN51: =IF(COUNTIF(J51,"P*")>0,"IO"&LEFT(J51,2)&"MD["&RIGHT(J51,1)*4+1&"]","") -> IOP9MD[17] | AO51: =IF(COUNTIF(J51,"P*")>0,"IO"&LEFT(J51,2)&"MD["&RIGHT(J51,1)*4&"]","") -> IOP9MD[16]
A52: 47 | B52: 47 | C52: 37 | D52: 28 | E52: 20 | F52: 47 | G52: 37 | H52: 28 | I52: GP9[3] | J52: P9.3 | K52: =IF('＠MFP (LSI name)'!K52="","",IF(COUNTIF('＠MFP (LSI name)'!K52,"Serial*")+COUNTIF('＠MFP (LSI name)'!K52,"Analog*")>0,'＠MFP (LSI name)'!K52,OFFSET('＠グループ、表示名'!$H$4,MATCH('＠MFP (LSI name)'!K52,'＠グループ、表示名'!$D$4:$D$250,0)-1,0))) -> GPWM5_GPWM50 | L52: =IF('＠MFP (LSI name)'!L52="","",IF(COUNTIF('＠MFP (LSI name)'!L52,"Serial*")+COUNTIF('＠MFP (LSI name)'!L52,"Analog*")>0,'＠MFP (LSI name)'!L52,OFFSET('＠グループ、表示名'!$H$4,MATCH('＠MFP (LSI name)'!L52,'＠グループ、表示名'!$D$4:$D$250,0)-1,0))) -> SIF6_SBCS6 | M52: =IF('＠MFP (LSI name)'!M52="","",IF(COUNTIF('＠MFP (LSI name)'!M52,"Serial*")+COUNTIF('＠MFP (LSI name)'!M52,"Analog*")>0,'＠MFP (LSI name)'!M52,OFFSET('＠グループ、表示名'!$H$4,MATCH('＠MFP (LSI name)'!M52,'＠グループ、表示名'!$D$4:$D$250,0)-1,0))) | N52: =IF('＠MFP (LSI name)'!N52="","",IF(COUNTIF('＠MFP (LSI name)'!N52,"Serial*")+COUNTIF('＠MFP (LSI name)'!N52,"Analog*")>0,'＠MFP (LSI name)'!N52,OFFSET('＠グループ、表示名'!$H$4,MATCH('＠MFP (LSI name)'!N52,'＠グループ、表示名'!$D$4:$D$250,0)-1,0))) | O52: =IF('＠MFP (LSI name)'!O52="","",IF(COUNTIF('＠MFP (LSI name)'!O52,"Serial*")+COUNTIF('＠MFP (LSI name)'!O52,"Analog*")>0,'＠MFP (LSI name)'!O52,OFFSET('＠グループ、表示名'!$H$4,MATCH('＠MFP (LSI name)'!O52,'＠グループ、表示名'!$D$4:$D$250,0)-1,0))) | P52: =IF('＠MFP (LSI name)'!P52="","",IF(COUNTIF('＠MFP (LSI name)'!P52,"Serial*")+COUNTIF('＠MFP (LSI name)'!P52,"Analog*")>0,'＠MFP (LSI name)'!P52,OFFSET('＠グループ、表示名'!$H$4,MATCH('＠MFP (LSI name)'!P52,'＠グループ、表示名'!$D$4:$D$250,0)-1,0))) | Q52: =IF('＠MFP (LSI name)'!Q52="","",IF(COUNTIF('＠MFP (LSI name)'!Q52,"Serial*")+COUNTIF('＠MFP (LSI name)'!Q52,"Analog*")>0,'＠MFP (LSI name)'!Q52,OFFSET('＠グループ、表示名'!$H$4,MATCH('＠MFP (LSI name)'!Q52,'＠グループ、表示名'!$D$4:$D$250,0)-1,0))) | R52: =IF('＠MFP (LSI name)'!R52="","",IF(COUNTIF('＠MFP (LSI name)'!R52,"Serial*")+COUNTIF('＠MFP (LSI name)'!R52,"Analog*")>0,'＠MFP (LSI name)'!R52,OFFSET('＠グループ、表示名'!$H$4,MATCH('＠MFP (LSI name)'!R52,'＠グループ、表示名'!$D$4:$D$250,0)-1,0))) | ... AK52: =IF('＠MFP (LSI name)'!AK52="","",IF(COUNTIF('＠MFP (LSI name)'!AK52,"Serial*")+COUNTIF('＠MFP (LSI name)'!AK52,"Analog*")>0,'＠MFP (LSI name)'!AK52,OFFSET('＠グループ、表示名'!$H$4,MATCH('＠MFP (LSI name)'!AK52,'＠グループ、表示名'!$D$4:$D$250,0)-1,0))) | AL52: =IF(COUNTIF(J52,"P*")>0,"IO"&LEFT(J52,2)&"MD["&RIGHT(J52,1)*4+3&"]","") -> IOP9MD[15] | AM52: =IF(COUNTIF(J52,"P*")>0,"IO"&LEFT(J52,2)&"MD["&RIGHT(J52,1)*4+2&"]","") -> IOP9MD[14] | AN52: =IF(COUNTIF(J52,"P*")>0,"IO"&LEFT(J52,2)&"MD["&RIGHT(J52,1)*4+1&"]","") -> IOP9MD[13] | AO52: =IF(COUNTIF(J52,"P*")>0,"IO"&LEFT(J52,2)&"MD["&RIGHT(J52,1)*4&"]","") -> IOP9MD[12]
A53: 48 | B53: 48 | C53: 38 | D53: 29 | E53: 21 | F53: 48 | G53: 38 | H53: 29 | I53: GP9[2] | J53: P9.2 | K53: =IF('＠MFP (LSI name)'!K53="","",IF(COUNTIF('＠MFP (LSI name)'!K53,"Serial*")+COUNTIF('＠MFP (LSI name)'!K53,"Analog*")>0,'＠MFP (LSI name)'!K53,OFFSET('＠グループ、表示名'!$H$4,MATCH('＠MFP (LSI name)'!K53,'＠グループ、表示名'!$D$4:$D$250,0)-1,0))) -> GPWM3_GPWM31 | L53: =IF('＠MFP (LSI name)'!L53="","",IF(COUNTIF('＠MFP (LSI name)'!L53,"Serial*")+COUNTIF('＠MFP (LSI name)'!L53,"Analog*")>0,'＠MFP (LSI name)'!L53,OFFSET('＠グループ、表示名'!$H$4,MATCH('＠MFP (LSI name)'!L53,'＠グループ、表示名'!$D$4:$D$250,0)-1,0))) -> SIF6_SBT6 | M53: =IF('＠MFP (LSI name)'!M53="","",IF(COUNTIF('＠MFP (LSI name)'!M53,"Serial*")+COUNTIF('＠MFP (LSI name)'!M53,"Analog*")>0,'＠MFP (LSI name)'!M53,OFFSET('＠グループ、表示名'!$H$4,MATCH('＠MFP (LSI name)'!M53,'＠グループ、表示名'!$D$4:$D$250,0)-1,0))) | N53: =IF('＠MFP (LSI name)'!N53="","",IF(COUNTIF('＠MFP (LSI name)'!N53,"Serial*")+COUNTIF('＠MFP (LSI name)'!N53,"Analog*")>0,'＠MFP (LSI name)'!N53,OFFSET('＠グループ、表示名'!$H$4,MATCH('＠MFP (LSI name)'!N53,'＠グループ、表示名'!$D$4:$D$250,0)-1,0))) | O53: =IF('＠MFP (LSI name)'!O53="","",IF(COUNTIF('＠MFP (LSI name)'!O53,"Serial*")+COUNTIF('＠MFP (LSI name)'!O53,"Analog*")>0,'＠MFP (LSI name)'!O53,OFFSET('＠グループ、表示名'!$H$4,MATCH('＠MFP (LSI name)'!O53,'＠グループ、表示名'!$D$4:$D$250,0)-1,0))) | P53: =IF('＠MFP (LSI name)'!P53="","",IF(COUNTIF('＠MFP (LSI name)'!P53,"Serial*")+COUNTIF('＠MFP (LSI name)'!P53,"Analog*")>0,'＠MFP (LSI name)'!P53,OFFSET('＠グループ、表示名'!$H$4,MATCH('＠MFP (LSI name)'!P53,'＠グループ、表示名'!$D$4:$D$250,0)-1,0))) | Q53: =IF('＠MFP (LSI name)'!Q53="","",IF(COUNTIF('＠MFP (LSI name)'!Q53,"Serial*")+COUNTIF('＠MFP (LSI name)'!Q53,"Analog*")>0,'＠MFP (LSI name)'!Q53,OFFSET('＠グループ、表示名'!$H$4,MATCH('＠MFP (LSI name)'!Q53,'＠グループ、表示名'!$D$4:$D$250,0)-1,0))) | R53: =IF('＠MFP (LSI name)'!R53="","",IF(COUNTIF('＠MFP (LSI name)'!R53,"Serial*")+COUNTIF('＠MFP (LSI name)'!R53,"Analog*")>0,'＠MFP (LSI name)'!R53,OFFSET('＠グループ、表示名'!$H$4,MATCH('＠MFP (LSI name)'!R53,'＠グループ、表示名'!$D$4:$D$250,0)-1,0))) | ... AK53: =IF('＠MFP (LSI name)'!AK53="","",IF(COUNTIF('＠MFP (LSI name)'!AK53,"Serial*")+COUNTIF('＠MFP (LSI name)'!AK53,"Analog*")>0,'＠MFP (LSI name)'!AK53,OFFSET('＠グループ、表示名'!$H$4,MATCH('＠MFP (LSI name)'!AK53,'＠グループ、表示名'!$D$4:$D$250,0)-1,0))) | AL53: =IF(COUNTIF(J53,"P*")>0,"IO"&LEFT(J53,2)&"MD["&RIGHT(J53,1)*4+3&"]","") -> IOP9MD[11] | AM53: =IF(COUNTIF(J53,"P*")>0,"IO"&LEFT(J53,2)&"MD["&RIGHT(J53,1)*4+2&"]","") -> IOP9MD[10] | AN53: =IF(COUNTIF(J53,"P*")>0,"IO"&LEFT(J53,2)&"MD["&RIGHT(J53,1)*4+1&"]","") -> IOP9MD[9] | AO53: =IF(COUNTIF(J53,"P*")>0,"IO"&LEFT(J53,2)&"MD["&RIGHT(J53,1)*4&"]","") -> IOP9MD[8]
A54: 49 | B54: 49 | C54: 39 | D54: 30 | E54: 22 | F54: 49 | G54: 39 | H54: 30 | I54: GP9[1] | J54: P9.1 | K54: =IF('＠MFP (LSI name)'!K54="","",IF(COUNTIF('＠MFP (LSI name)'!K54,"Serial*")+COUNTIF('＠MFP (LSI name)'!K54,"Analog*")>0,'＠MFP (LSI name)'!K54,OFFSET('＠グループ、表示名'!$H$4,MATCH('＠MFP (LSI name)'!K54,'＠グループ、表示名'!$D$4:$D$250,0)-1,0))) -> GPWM4_GPWM41 | L54: =IF('＠MFP (LSI name)'!L54="","",IF(COUNTIF('＠MFP (LSI name)'!L54,"Serial*")+COUNTIF('＠MFP (LSI name)'!L54,"Analog*")>0,'＠MFP (LSI name)'!L54,OFFSET('＠グループ、表示名'!$H$4,MATCH('＠MFP (LSI name)'!L54,'＠グループ、表示名'!$D$4:$D$250,0)-1,0))) -> SIF6_SBI6 | M54: =IF('＠MFP (LSI name)'!M54="","",IF(COUNTIF('＠MFP (LSI name)'!M54,"Serial*")+COUNTIF('＠MFP (LSI name)'!M54,"Analog*")>0,'＠MFP (LSI name)'!M54,OFFSET('＠グループ、表示名'!$H$4,MATCH('＠MFP (LSI name)'!M54,'＠グループ、表示名'!$D$4:$D$250,0)-1,0))) -> SIF6_SBO6 | N54: =IF('＠MFP (LSI name)'!N54="","",IF(COUNTIF('＠MFP (LSI name)'!N54,"Serial*")+COUNTIF('＠MFP (LSI name)'!N54,"Analog*")>0,'＠MFP (LSI name)'!N54,OFFSET('＠グループ、表示名'!$H$4,MATCH('＠MFP (LSI name)'!N54,'＠グループ、表示名'!$D$4:$D$250,0)-1,0))) | O54: =IF('＠MFP (LSI name)'!O54="","",IF(COUNTIF('＠MFP (LSI name)'!O54,"Serial*")+COUNTIF('＠MFP (LSI name)'!O54,"Analog*")>0,'＠MFP (LSI name)'!O54,OFFSET('＠グループ、表示名'!$H$4,MATCH('＠MFP (LSI name)'!O54,'＠グループ、表示名'!$D$4:$D$250,0)-1,0))) | P54: =IF('＠MFP (LSI name)'!P54="","",IF(COUNTIF('＠MFP (LSI name)'!P54,"Serial*")+COUNTIF('＠MFP (LSI name)'!P54,"Analog*")>0,'＠MFP (LSI name)'!P54,OFFSET('＠グループ、表示名'!$H$4,MATCH('＠MFP (LSI name)'!P54,'＠グループ、表示名'!$D$4:$D$250,0)-1,0))) | Q54: =IF('＠MFP (LSI name)'!Q54="","",IF(COUNTIF('＠MFP (LSI name)'!Q54,"Serial*")+COUNTIF('＠MFP (LSI name)'!Q54,"Analog*")>0,'＠MFP (LSI name)'!Q54,OFFSET('＠グループ、表示名'!$H$4,MATCH('＠MFP (LSI name)'!Q54,'＠グループ、表示名'!$D$4:$D$250,0)-1,0))) | R54: =IF('＠MFP (LSI name)'!R54="","",IF(COUNTIF('＠MFP (LSI name)'!R54,"Serial*")+COUNTIF('＠MFP (LSI name)'!R54,"Analog*")>0,'＠MFP (LSI name)'!R54,OFFSET('＠グループ、表示名'!$H$4,MATCH('＠MFP (LSI name)'!R54,'＠グループ、表示名'!$D$4:$D$250,0)-1,0))) | ... AK54: =IF('＠MFP (LSI name)'!AK54="","",IF(COUNTIF('＠MFP (LSI name)'!AK54,"Serial*")+COUNTIF('＠MFP (LSI name)'!AK54,"Analog*")>0,'＠MFP (LSI name)'!AK54,OFFSET('＠グループ、表示名'!$H$4,MATCH('＠MFP (LSI name)'!AK54,'＠グループ、表示名'!$D$4:$D$250,0)-1,0))) | AL54: =IF(COUNTIF(J54,"P*")>0,"IO"&LEFT(J54,2)&"MD["&RIGHT(J54,1)*4+3&"]","") -> IOP9MD[7] | AM54: =IF(COUNTIF(J54,"P*")>0,"IO"&LEFT(J54,2)&"MD["&RIGHT(J54,1)*4+2&"]","") -> IOP9MD[6] | AN54: =IF(COUNTIF(J54,"P*")>0,"IO"&LEFT(J54,2)&"MD["&RIGHT(J54,1)*4+1&"]","") -> IOP9MD[5] | AO54: =IF(COUNTIF(J54,"P*")>0,"IO"&LEFT(J54,2)&"MD["&RIGHT(J54,1)*4&"]","") -> IOP9MD[4]
A55: 50 | B55: 50 | C55: 40 | D55: 31 | E55: 23 | F55: 50 | G55: 40 | H55: 31 | I55: GP9[0] | J55: P9.0 | K55: =IF('＠MFP (LSI name)'!K55="","",IF(COUNTIF('＠MFP (LSI name)'!K55,"Serial*")+COUNTIF('＠MFP (LSI name)'!K55,"Analog*")>0,'＠MFP (LSI name)'!K55,OFFSET('＠グループ、表示名'!$H$4,MATCH('＠MFP (LSI name)'!K55,'＠グループ、表示名'!$D$4:$D$250,0)-1,0))) -> GPWM5_GPWM51 | L55: =IF('＠MFP (LSI name)'!L55="","",IF(COUNTIF('＠MFP (LSI name)'!L55,"Serial*")+COUNTIF('＠MFP (LSI name)'!L55,"Analog*")>0,'＠MFP (LSI name)'!L55,OFFSET('＠グループ、表示名'!$H$4,MATCH('＠MFP (LSI name)'!L55,'＠グループ、表示名'!$D$4:$D$250,0)-1,0))) -> SIF6_SBI6 | M55: =IF('＠MFP (LSI name)'!M55="","",IF(COUNTIF('＠MFP (LSI name)'!M55,"Serial*")+COUNTIF('＠MFP (LSI name)'!M55,"Analog*")>0,'＠MFP (LSI name)'!M55,OFFSET('＠グループ、表示名'!$H$4,MATCH('＠MFP (LSI name)'!M55,'＠グループ、表示名'!$D$4:$D$250,0)-1,0))) -> SIF6_SBO6 | N55: =IF('＠MFP (LSI name)'!N55="","",IF(COUNTIF('＠MFP (LSI name)'!N55,"Serial*")+COUNTIF('＠MFP (LSI name)'!N55,"Analog*")>0,'＠MFP (LSI name)'!N55,OFFSET('＠グループ、表示名'!$H$4,MATCH('＠MFP (LSI name)'!N55,'＠グループ、表示名'!$D$4:$D$250,0)-1,0))) | O55: =IF('＠MFP (LSI name)'!O55="","",IF(COUNTIF('＠MFP (LSI name)'!O55,"Serial*")+COUNTIF('＠MFP (LSI name)'!O55,"Analog*")>0,'＠MFP (LSI name)'!O55,OFFSET('＠グループ、表示名'!$H$4,MATCH('＠MFP (LSI name)'!O55,'＠グループ、表示名'!$D$4:$D$250,0)-1,0))) | P55: =IF('＠MFP (LSI name)'!P55="","",IF(COUNTIF('＠MFP (LSI name)'!P55,"Serial*")+COUNTIF('＠MFP (LSI name)'!P55,"Analog*")>0,'＠MFP (LSI name)'!P55,OFFSET('＠グループ、表示名'!$H$4,MATCH('＠MFP (LSI name)'!P55,'＠グループ、表示名'!$D$4:$D$250,0)-1,0))) | Q55: =IF('＠MFP (LSI name)'!Q55="","",IF(COUNTIF('＠MFP (LSI name)'!Q55,"Serial*")+COUNTIF('＠MFP (LSI name)'!Q55,"Analog*")>0,'＠MFP (LSI name)'!Q55,OFFSET('＠グループ、表示名'!$H$4,MATCH('＠MFP (LSI name)'!Q55,'＠グループ、表示名'!$D$4:$D$250,0)-1,0))) | R55: =IF('＠MFP (LSI name)'!R55="","",IF(COUNTIF('＠MFP (LSI name)'!R55,"Serial*")+COUNTIF('＠MFP (LSI name)'!R55,"Analog*")>0,'＠MFP (LSI name)'!R55,OFFSET('＠グループ、表示名'!$H$4,MATCH('＠MFP (LSI name)'!R55,'＠グループ、表示名'!$D$4:$D$250,0)-1,0))) | ... AK55: =IF('＠MFP (LSI name)'!AK55="","",IF(COUNTIF('＠MFP (LSI name)'!AK55,"Serial*")+COUNTIF('＠MFP (LSI name)'!AK55,"Analog*")>0,'＠MFP (LSI name)'!AK55,OFFSET('＠グループ、表示名'!$H$4,MATCH('＠MFP (LSI name)'!AK55,'＠グループ、表示名'!$D$4:$D$250,0)-1,0))) | AL55: =IF(COUNTIF(J55,"P*")>0,"IO"&LEFT(J55,2)&"MD["&RIGHT(J55,1)*4+3&"]","") -> IOP9MD[3] | AM55: =IF(COUNTIF(J55,"P*")>0,"IO"&LEFT(J55,2)&"MD["&RIGHT(J55,1)*4+2&"]","") -> IOP9MD[2] | AN55: =IF(COUNTIF(J55,"P*")>0,"IO"&LEFT(J55,2)&"MD["&RIGHT(J55,1)*4+1&"]","") -> IOP9MD[1] | AO55: =IF(COUNTIF(J55,"P*")>0,"IO"&LEFT(J55,2)&"MD["&RIGHT(J55,1)*4&"]","") -> IOP9MD[0]
A56: 51 | B56: 51 | C56: 41 | D56: 32 | E56: 24 | F56: 51 | G56: 41 | H56: 32 | I56: GP7[6] | J56: P7.6 | K56: =IF('＠MFP (LSI name)'!K56="","",IF(COUNTIF('＠MFP (LSI name)'!K56,"Serial*")+COUNTIF('＠MFP (LSI name)'!K56,"Analog*")>0,'＠MFP (LSI name)'!K56,OFFSET('＠グループ、表示名'!$H$4,MATCH('＠MFP (LSI name)'!K56,'＠グループ、表示名'!$D$4:$D$250,0)-1,0))) -> TM05A | L56: =IF('＠MFP (LSI name)'!L56="","",IF(COUNTIF('＠MFP (LSI name)'!L56,"Serial*")+COUNTIF('＠MFP (LSI name)'!L56,"Analog*")>0,'＠MFP (LSI name)'!L56,OFFSET('＠グループ、表示名'!$H$4,MATCH('＠MFP (LSI name)'!L56,'＠グループ、表示名'!$D$4:$D$250,0)-1,0))) -> GPWM2_GPWM21 | M56: =IF('＠MFP (LSI name)'!M56="","",IF(COUNTIF('＠MFP (LSI name)'!M56,"Serial*")+COUNTIF('＠MFP (LSI name)'!M56,"Analog*")>0,'＠MFP (LSI name)'!M56,OFFSET('＠グループ、表示名'!$H$4,MATCH('＠MFP (LSI name)'!M56,'＠グループ、表示名'!$D$4:$D$250,0)-1,0))) | N56: =IF('＠MFP (LSI name)'!N56="","",IF(COUNTIF('＠MFP (LSI name)'!N56,"Serial*")+COUNTIF('＠MFP (LSI name)'!N56,"Analog*")>0,'＠MFP (LSI name)'!N56,OFFSET('＠グループ、表示名'!$H$4,MATCH('＠MFP (LSI name)'!N56,'＠グループ、表示名'!$D$4:$D$250,0)-1,0))) | O56: =IF('＠MFP (LSI name)'!O56="","",IF(COUNTIF('＠MFP (LSI name)'!O56,"Serial*")+COUNTIF('＠MFP (LSI name)'!O56,"Analog*")>0,'＠MFP (LSI name)'!O56,OFFSET('＠グループ、表示名'!$H$4,MATCH('＠MFP (LSI name)'!O56,'＠グループ、表示名'!$D$4:$D$250,0)-1,0))) | P56: =IF('＠MFP (LSI name)'!P56="","",IF(COUNTIF('＠MFP (LSI name)'!P56,"Serial*")+COUNTIF('＠MFP (LSI name)'!P56,"Analog*")>0,'＠MFP (LSI name)'!P56,OFFSET('＠グループ、表示名'!$H$4,MATCH('＠MFP (LSI name)'!P56,'＠グループ、表示名'!$D$4:$D$250,0)-1,0))) | Q56: =IF('＠MFP (LSI name)'!Q56="","",IF(COUNTIF('＠MFP (LSI name)'!Q56,"Serial*")+COUNTIF('＠MFP (LSI name)'!Q56,"Analog*")>0,'＠MFP (LSI name)'!Q56,OFFSET('＠グループ、表示名'!$H$4,MATCH('＠MFP (LSI name)'!Q56,'＠グループ、表示名'!$D$4:$D$250,0)-1,0))) | R56: =IF('＠MFP (LSI name)'!R56="","",IF(COUNTIF('＠MFP (LSI name)'!R56,"Serial*")+COUNTIF('＠MFP (LSI name)'!R56,"Analog*")>0,'＠MFP (LSI name)'!R56,OFFSET('＠グループ、表示名'!$H$4,MATCH('＠MFP (LSI name)'!R56,'＠グループ、表示名'!$D$4:$D$250,0)-1,0))) | ... AK56: =IF('＠MFP (LSI name)'!AK56="","",IF(COUNTIF('＠MFP (LSI name)'!AK56,"Serial*")+COUNTIF('＠MFP (LSI name)'!AK56,"Analog*")>0,'＠MFP (LSI name)'!AK56,OFFSET('＠グループ、表示名'!$H$4,MATCH('＠MFP (LSI name)'!AK56,'＠グループ、表示名'!$D$4:$D$250,0)-1,0))) | AL56: =IF(COUNTIF(J56,"P*")>0,"IO"&LEFT(J56,2)&"MD["&RIGHT(J56,1)*4+3&"]","") -> IOP7MD[27] | AM56: =IF(COUNTIF(J56,"P*")>0,"IO"&LEFT(J56,2)&"MD["&RIGHT(J56,1)*4+2&"]","") -> IOP7MD[26] | AN56: =IF(COUNTIF(J56,"P*")>0,"IO"&LEFT(J56,2)&"MD["&RIGHT(J56,1)*4+1&"]","") -> IOP7MD[25] | AO56: =IF(COUNTIF(J56,"P*")>0,"IO"&LEFT(J56,2)&"MD["&RIGHT(J56,1)*4&"]","") -> IOP7MD[24]
A57: 52 | B57: 52 | C57: 42 | D57: 33 | E57: 25 | F57: 52 | G57: 42 | H57: 33 | I57: GP7[5] | J57: P7.5 | K57: =IF('＠MFP (LSI name)'!K57="","",IF(COUNTIF('＠MFP (LSI name)'!K57,"Serial*")+COUNTIF('＠MFP (LSI name)'!K57,"Analog*")>0,'＠MFP (LSI name)'!K57,OFFSET('＠グループ、表示名'!$H$4,MATCH('＠MFP (LSI name)'!K57,'＠グループ、表示名'!$D$4:$D$250,0)-1,0))) -> TM04A | L57: =IF('＠MFP (LSI name)'!L57="","",IF(COUNTIF('＠MFP (LSI name)'!L57,"Serial*")+COUNTIF('＠MFP (LSI name)'!L57,"Analog*")>0,'＠MFP (LSI name)'!L57,OFFSET('＠グループ、表示名'!$H$4,MATCH('＠MFP (LSI name)'!L57,'＠グループ、表示名'!$D$4:$D$250,0)-1,0))) -> GPWM1_GPWM11 | M57: =IF('＠MFP (LSI name)'!M57="","",IF(COUNTIF('＠MFP (LSI name)'!M57,"Serial*")+COUNTIF('＠MFP (LSI name)'!M57,"Analog*")>0,'＠MFP (LSI name)'!M57,OFFSET('＠グループ、表示名'!$H$4,MATCH('＠MFP (LSI name)'!M57,'＠グループ、表示名'!$D$4:$D$250,0)-1,0))) | N57: =IF('＠MFP (LSI name)'!N57="","",IF(COUNTIF('＠MFP (LSI name)'!N57,"Serial*")+COUNTIF('＠MFP (LSI name)'!N57,"Analog*")>0,'＠MFP (LSI name)'!N57,OFFSET('＠グループ、表示名'!$H$4,MATCH('＠MFP (LSI name)'!N57,'＠グループ、表示名'!$D$4:$D$250,0)-1,0))) | O57: =IF('＠MFP (LSI name)'!O57="","",IF(COUNTIF('＠MFP (LSI name)'!O57,"Serial*")+COUNTIF('＠MFP (LSI name)'!O57,"Analog*")>0,'＠MFP (LSI name)'!O57,OFFSET('＠グループ、表示名'!$H$4,MATCH('＠MFP (LSI name)'!O57,'＠グループ、表示名'!$D$4:$D$250,0)-1,0))) | P57: =IF('＠MFP (LSI name)'!P57="","",IF(COUNTIF('＠MFP (LSI name)'!P57,"Serial*")+COUNTIF('＠MFP (LSI name)'!P57,"Analog*")>0,'＠MFP (LSI name)'!P57,OFFSET('＠グループ、表示名'!$H$4,MATCH('＠MFP (LSI name)'!P57,'＠グループ、表示名'!$D$4:$D$250,0)-1,0))) | Q57: =IF('＠MFP (LSI name)'!Q57="","",IF(COUNTIF('＠MFP (LSI name)'!Q57,"Serial*")+COUNTIF('＠MFP (LSI name)'!Q57,"Analog*")>0,'＠MFP (LSI name)'!Q57,OFFSET('＠グループ、表示名'!$H$4,MATCH('＠MFP (LSI name)'!Q57,'＠グループ、表示名'!$D$4:$D$250,0)-1,0))) | R57: =IF('＠MFP (LSI name)'!R57="","",IF(COUNTIF('＠MFP (LSI name)'!R57,"Serial*")+COUNTIF('＠MFP (LSI name)'!R57,"Analog*")>0,'＠MFP (LSI name)'!R57,OFFSET('＠グループ、表示名'!$H$4,MATCH('＠MFP (LSI name)'!R57,'＠グループ、表示名'!$D$4:$D$250,0)-1,0))) | ... AK57: =IF('＠MFP (LSI name)'!AK57="","",IF(COUNTIF('＠MFP (LSI name)'!AK57,"Serial*")+COUNTIF('＠MFP (LSI name)'!AK57,"Analog*")>0,'＠MFP (LSI name)'!AK57,OFFSET('＠グループ、表示名'!$H$4,MATCH('＠MFP (LSI name)'!AK57,'＠グループ、表示名'!$D$4:$D$250,0)-1,0))) | AL57: =IF(COUNTIF(J57,"P*")>0,"IO"&LEFT(J57,2)&"MD["&RIGHT(J57,1)*4+3&"]","") -> IOP7MD[23] | AM57: =IF(COUNTIF(J57,"P*")>0,"IO"&LEFT(J57,2)&"MD["&RIGHT(J57,1)*4+2&"]","") -> IOP7MD[22] | AN57: =IF(COUNTIF(J57,"P*")>0,"IO"&LEFT(J57,2)&"MD["&RIGHT(J57,1)*4+1&"]","") -> IOP7MD[21] | AO57: =IF(COUNTIF(J57,"P*")>0,"IO"&LEFT(J57,2)&"MD["&RIGHT(J57,1)*4&"]","") -> IOP7MD[20]
A58: 53 | B58: 53 | C58: 43 | D58: 34 | E58: 26 | F58: 53 | G58: 43 | H58: 34 | I58: GP7[4] | J58: P7.4 | K58: =IF('＠MFP (LSI name)'!K58="","",IF(COUNTIF('＠MFP (LSI name)'!K58,"Serial*")+COUNTIF('＠MFP (LSI name)'!K58,"Analog*")>0,'＠MFP (LSI name)'!K58,OFFSET('＠グループ、表示名'!$H$4,MATCH('＠MFP (LSI name)'!K58,'＠グループ、表示名'!$D$4:$D$250,0)-1,0))) -> TM03A | L58: =IF('＠MFP (LSI name)'!L58="","",IF(COUNTIF('＠MFP (LSI name)'!L58,"Serial*")+COUNTIF('＠MFP (LSI name)'!L58,"Analog*")>0,'＠MFP (LSI name)'!L58,OFFSET('＠グループ、表示名'!$H$4,MATCH('＠MFP (LSI name)'!L58,'＠グループ、表示名'!$D$4:$D$250,0)-1,0))) -> GPWM0_GPWM01 | M58: =IF('＠MFP (LSI name)'!M58="","",IF(COUNTIF('＠MFP (LSI name)'!M58,"Serial*")+COUNTIF('＠MFP (LSI name)'!M58,"Analog*")>0,'＠MFP (LSI name)'!M58,OFFSET('＠グループ、表示名'!$H$4,MATCH('＠MFP (LSI name)'!M58,'＠グループ、表示名'!$D$4:$D$250,0)-1,0))) | N58: =IF('＠MFP (LSI name)'!N58="","",IF(COUNTIF('＠MFP (LSI name)'!N58,"Serial*")+COUNTIF('＠MFP (LSI name)'!N58,"Analog*")>0,'＠MFP (LSI name)'!N58,OFFSET('＠グループ、表示名'!$H$4,MATCH('＠MFP (LSI name)'!N58,'＠グループ、表示名'!$D$4:$D$250,0)-1,0))) | O58: =IF('＠MFP (LSI name)'!O58="","",IF(COUNTIF('＠MFP (LSI name)'!O58,"Serial*")+COUNTIF('＠MFP (LSI name)'!O58,"Analog*")>0,'＠MFP (LSI name)'!O58,OFFSET('＠グループ、表示名'!$H$4,MATCH('＠MFP (LSI name)'!O58,'＠グループ、表示名'!$D$4:$D$250,0)-1,0))) | P58: =IF('＠MFP (LSI name)'!P58="","",IF(COUNTIF('＠MFP (LSI name)'!P58,"Serial*")+COUNTIF('＠MFP (LSI name)'!P58,"Analog*")>0,'＠MFP (LSI name)'!P58,OFFSET('＠グループ、表示名'!$H$4,MATCH('＠MFP (LSI name)'!P58,'＠グループ、表示名'!$D$4:$D$250,0)-1,0))) | Q58: =IF('＠MFP (LSI name)'!Q58="","",IF(COUNTIF('＠MFP (LSI name)'!Q58,"Serial*")+COUNTIF('＠MFP (LSI name)'!Q58,"Analog*")>0,'＠MFP (LSI name)'!Q58,OFFSET('＠グループ、表示名'!$H$4,MATCH('＠MFP (LSI name)'!Q58,'＠グループ、表示名'!$D$4:$D$250,0)-1,0))) | R58: =IF('＠MFP (LSI name)'!R58="","",IF(COUNTIF('＠MFP (LSI name)'!R58,"Serial*")+COUNTIF('＠MFP (LSI name)'!R58,"Analog*")>0,'＠MFP (LSI name)'!R58,OFFSET('＠グループ、表示名'!$H$4,MATCH('＠MFP (LSI name)'!R58,'＠グループ、表示名'!$D$4:$D$250,0)-1,0))) | ... AK58: =IF('＠MFP (LSI name)'!AK58="","",IF(COUNTIF('＠MFP (LSI name)'!AK58,"Serial*")+COUNTIF('＠MFP (LSI name)'!AK58,"Analog*")>0,'＠MFP (LSI name)'!AK58,OFFSET('＠グループ、表示名'!$H$4,MATCH('＠MFP (LSI name)'!AK58,'＠グループ、表示名'!$D$4:$D$250,0)-1,0))) | AL58: =IF(COUNTIF(J58,"P*")>0,"IO"&LEFT(J58,2)&"MD["&RIGHT(J58,1)*4+3&"]","") -> IOP7MD[19] | AM58: =IF(COUNTIF(J58,"P*")>0,"IO"&LEFT(J58,2)&"MD["&RIGHT(J58,1)*4+2&"]","") -> IOP7MD[18] | AN58: =IF(COUNTIF(J58,"P*")>0,"IO"&LEFT(J58,2)&"MD["&RIGHT(J58,1)*4+1&"]","") -> IOP7MD[17] | AO58: =IF(COUNTIF(J58,"P*")>0,"IO"&LEFT(J58,2)&"MD["&RIGHT(J58,1)*4&"]","") -> IOP7MD[16]
A59: 54 | B59: 54 | C59: 44 | D59: 35 | E59: 27 | F59: 54 | G59: 44 | H59: 35 | I59: GP7[3] | J59: P7.3 | K59: =IF('＠MFP (LSI name)'!K59="","",IF(COUNTIF('＠MFP (LSI name)'!K59,"Serial*")+COUNTIF('＠MFP (LSI name)'!K59,"Analog*")>0,'＠MFP (LSI name)'!K59,OFFSET('＠グループ、表示名'!$H$4,MATCH('＠MFP (LSI name)'!K59,'＠グループ、表示名'!$D$4:$D$250,0)-1,0))) -> TM02A | L59: =IF('＠MFP (LSI name)'!L59="","",IF(COUNTIF('＠MFP (LSI name)'!L59,"Serial*")+COUNTIF('＠MFP (LSI name)'!L59,"Analog*")>0,'＠MFP (LSI name)'!L59,OFFSET('＠グループ、表示名'!$H$4,MATCH('＠MFP (LSI name)'!L59,'＠グループ、表示名'!$D$4:$D$250,0)-1,0))) -> GPWM2_GPWM20 | M59: =IF('＠MFP (LSI name)'!M59="","",IF(COUNTIF('＠MFP (LSI name)'!M59,"Serial*")+COUNTIF('＠MFP (LSI name)'!M59,"Analog*")>0,'＠MFP (LSI name)'!M59,OFFSET('＠グループ、表示名'!$H$4,MATCH('＠MFP (LSI name)'!M59,'＠グループ、表示名'!$D$4:$D$250,0)-1,0))) | N59: =IF('＠MFP (LSI name)'!N59="","",IF(COUNTIF('＠MFP (LSI name)'!N59,"Serial*")+COUNTIF('＠MFP (LSI name)'!N59,"Analog*")>0,'＠MFP (LSI name)'!N59,OFFSET('＠グループ、表示名'!$H$4,MATCH('＠MFP (LSI name)'!N59,'＠グループ、表示名'!$D$4:$D$250,0)-1,0))) | O59: =IF('＠MFP (LSI name)'!O59="","",IF(COUNTIF('＠MFP (LSI name)'!O59,"Serial*")+COUNTIF('＠MFP (LSI name)'!O59,"Analog*")>0,'＠MFP (LSI name)'!O59,OFFSET('＠グループ、表示名'!$H$4,MATCH('＠MFP (LSI name)'!O59,'＠グループ、表示名'!$D$4:$D$250,0)-1,0))) | P59: =IF('＠MFP (LSI name)'!P59="","",IF(COUNTIF('＠MFP (LSI name)'!P59,"Serial*")+COUNTIF('＠MFP (LSI name)'!P59,"Analog*")>0,'＠MFP (LSI name)'!P59,OFFSET('＠グループ、表示名'!$H$4,MATCH('＠MFP (LSI name)'!P59,'＠グループ、表示名'!$D$4:$D$250,0)-1,0))) | Q59: =IF('＠MFP (LSI name)'!Q59="","",IF(COUNTIF('＠MFP (LSI name)'!Q59,"Serial*")+COUNTIF('＠MFP (LSI name)'!Q59,"Analog*")>0,'＠MFP (LSI name)'!Q59,OFFSET('＠グループ、表示名'!$H$4,MATCH('＠MFP (LSI name)'!Q59,'＠グループ、表示名'!$D$4:$D$250,0)-1,0))) | R59: =IF('＠MFP (LSI name)'!R59="","",IF(COUNTIF('＠MFP (LSI name)'!R59,"Serial*")+COUNTIF('＠MFP (LSI name)'!R59,"Analog*")>0,'＠MFP (LSI name)'!R59,OFFSET('＠グループ、表示名'!$H$4,MATCH('＠MFP (LSI name)'!R59,'＠グループ、表示名'!$D$4:$D$250,0)-1,0))) | ... AK59: =IF('＠MFP (LSI name)'!AK59="","",IF(COUNTIF('＠MFP (LSI name)'!AK59,"Serial*")+COUNTIF('＠MFP (LSI name)'!AK59,"Analog*")>0,'＠MFP (LSI name)'!AK59,OFFSET('＠グループ、表示名'!$H$4,MATCH('＠MFP (LSI name)'!AK59,'＠グループ、表示名'!$D$4:$D$250,0)-1,0))) | AL59: =IF(COUNTIF(J59,"P*")>0,"IO"&LEFT(J59,2)&"MD["&RIGHT(J59,1)*4+3&"]","") -> IOP7MD[15] | AM59: =IF(COUNTIF(J59,"P*")>0,"IO"&LEFT(J59,2)&"MD["&RIGHT(J59,1)*4+2&"]","") -> IOP7MD[14] | AN59: =IF(COUNTIF(J59,"P*")>0,"IO"&LEFT(J59,2)&"MD["&RIGHT(J59,1)*4+1&"]","") -> IOP7MD[13] | AO59: =IF(COUNTIF(J59,"P*")>0,"IO"&LEFT(J59,2)&"MD["&RIGHT(J59,1)*4&"]","") -> IOP7MD[12]
A60: 55 | B60: 55 | C60: 45 | D60: 36 | E60: 28 | F60: 55 | G60: 45 | H60: 36 | I60: GP7[2] | J60: P7.2 | K60: =IF('＠MFP (LSI name)'!K60="","",IF(COUNTIF('＠MFP (LSI name)'!K60,"Serial*")+COUNTIF('＠MFP (LSI name)'!K60,"Analog*")>0,'＠MFP (LSI name)'!K60,OFFSET('＠グループ、表示名'!$H$4,MATCH('＠MFP (LSI name)'!K60,'＠グループ、表示名'!$D$4:$D$250,0)-1,0))) -> TM01A | L60: =IF('＠MFP (LSI name)'!L60="","",IF(COUNTIF('＠MFP (LSI name)'!L60,"Serial*")+COUNTIF('＠MFP (LSI name)'!L60,"Analog*")>0,'＠MFP (LSI name)'!L60,OFFSET('＠グループ、表示名'!$H$4,MATCH('＠MFP (LSI name)'!L60,'＠グループ、表示名'!$D$4:$D$250,0)-1,0))) -> GPWM1_GPWM10 | M60: =IF('＠MFP (LSI name)'!M60="","",IF(COUNTIF('＠MFP (LSI name)'!M60,"Serial*")+COUNTIF('＠MFP (LSI name)'!M60,"Analog*")>0,'＠MFP (LSI name)'!M60,OFFSET('＠グループ、表示名'!$H$4,MATCH('＠MFP (LSI name)'!M60,'＠グループ、表示名'!$D$4:$D$250,0)-1,0))) | N60: =IF('＠MFP (LSI name)'!N60="","",IF(COUNTIF('＠MFP (LSI name)'!N60,"Serial*")+COUNTIF('＠MFP (LSI name)'!N60,"Analog*")>0,'＠MFP (LSI name)'!N60,OFFSET('＠グループ、表示名'!$H$4,MATCH('＠MFP (LSI name)'!N60,'＠グループ、表示名'!$D$4:$D$250,0)-1,0))) | O60: =IF('＠MFP (LSI name)'!O60="","",IF(COUNTIF('＠MFP (LSI name)'!O60,"Serial*")+COUNTIF('＠MFP (LSI name)'!O60,"Analog*")>0,'＠MFP (LSI name)'!O60,OFFSET('＠グループ、表示名'!$H$4,MATCH('＠MFP (LSI name)'!O60,'＠グループ、表示名'!$D$4:$D$250,0)-1,0))) | P60: =IF('＠MFP (LSI name)'!P60="","",IF(COUNTIF('＠MFP (LSI name)'!P60,"Serial*")+COUNTIF('＠MFP (LSI name)'!P60,"Analog*")>0,'＠MFP (LSI name)'!P60,OFFSET('＠グループ、表示名'!$H$4,MATCH('＠MFP (LSI name)'!P60,'＠グループ、表示名'!$D$4:$D$250,0)-1,0))) | Q60: =IF('＠MFP (LSI name)'!Q60="","",IF(COUNTIF('＠MFP (LSI name)'!Q60,"Serial*")+COUNTIF('＠MFP (LSI name)'!Q60,"Analog*")>0,'＠MFP (LSI name)'!Q60,OFFSET('＠グループ、表示名'!$H$4,MATCH('＠MFP (LSI name)'!Q60,'＠グループ、表示名'!$D$4:$D$250,0)-1,0))) | R60: =IF('＠MFP (LSI name)'!R60="","",IF(COUNTIF('＠MFP (LSI name)'!R60,"Serial*")+COUNTIF('＠MFP (LSI name)'!R60,"Analog*")>0,'＠MFP (LSI name)'!R60,OFFSET('＠グループ、表示名'!$H$4,MATCH('＠MFP (LSI name)'!R60,'＠グループ、表示名'!$D$4:$D$250,0)-1,0))) | ... AK60: =IF('＠MFP (LSI name)'!AK60="","",IF(COUNTIF('＠MFP (LSI name)'!AK60,"Serial*")+COUNTIF('＠MFP (LSI name)'!AK60,"Analog*")>0,'＠MFP (LSI name)'!AK60,OFFSET('＠グループ、表示名'!$H$4,MATCH('＠MFP (LSI name)'!AK60,'＠グループ、表示名'!$D$4:$D$250,0)-1,0))) | AL60: =IF(COUNTIF(J60,"P*")>0,"IO"&LEFT(J60,2)&"MD["&RIGHT(J60,1)*4+3&"]","") -> IOP7MD[11] | AM60: =IF(COUNTIF(J60,"P*")>0,"IO"&LEFT(J60,2)&"MD["&RIGHT(J60,1)*4+2&"]","") -> IOP7MD[10] | AN60: =IF(COUNTIF(J60,"P*")>0,"IO"&LEFT(J60,2)&"MD["&RIGHT(J60,1)*4+1&"]","") -> IOP7MD[9] | AO60: =IF(COUNTIF(J60,"P*")>0,"IO"&LEFT(J60,2)&"MD["&RIGHT(J60,1)*4&"]","") -> IOP7MD[8]
A61: 56 | B61: 56 | C61: 46 | D61: 37 | E61: 29 | F61: 56 | G61: 46 | H61: 37 | I61: GP7[1] | J61: P7.1 | K61: =IF('＠MFP (LSI name)'!K61="","",IF(COUNTIF('＠MFP (LSI name)'!K61,"Serial*")+COUNTIF('＠MFP (LSI name)'!K61,"Analog*")>0,'＠MFP (LSI name)'!K61,OFFSET('＠グループ、表示名'!$H$4,MATCH('＠MFP (LSI name)'!K61,'＠グループ、表示名'!$D$4:$D$250,0)-1,0))) -> TM00A | L61: =IF('＠MFP (LSI name)'!L61="","",IF(COUNTIF('＠MFP (LSI name)'!L61,"Serial*")+COUNTIF('＠MFP (LSI name)'!L61,"Analog*")>0,'＠MFP (LSI name)'!L61,OFFSET('＠グループ、表示名'!$H$4,MATCH('＠MFP (LSI name)'!L61,'＠グループ、表示名'!$D$4:$D$250,0)-1,0))) -> GPWM0_GPWM00 | M61: =IF('＠MFP (LSI name)'!M61="","",IF(COUNTIF('＠MFP (LSI name)'!M61,"Serial*")+COUNTIF('＠MFP (LSI name)'!M61,"Analog*")>0,'＠MFP (LSI name)'!M61,OFFSET('＠グループ、表示名'!$H$4,MATCH('＠MFP (LSI name)'!M61,'＠グループ、表示名'!$D$4:$D$250,0)-1,0))) | N61: =IF('＠MFP (LSI name)'!N61="","",IF(COUNTIF('＠MFP (LSI name)'!N61,"Serial*")+COUNTIF('＠MFP (LSI name)'!N61,"Analog*")>0,'＠MFP (LSI name)'!N61,OFFSET('＠グループ、表示名'!$H$4,MATCH('＠MFP (LSI name)'!N61,'＠グループ、表示名'!$D$4:$D$250,0)-1,0))) | O61: =IF('＠MFP (LSI name)'!O61="","",IF(COUNTIF('＠MFP (LSI name)'!O61,"Serial*")+COUNTIF('＠MFP (LSI name)'!O61,"Analog*")>0,'＠MFP (LSI name)'!O61,OFFSET('＠グループ、表示名'!$H$4,MATCH('＠MFP (LSI name)'!O61,'＠グループ、表示名'!$D$4:$D$250,0)-1,0))) | P61: =IF('＠MFP (LSI name)'!P61="","",IF(COUNTIF('＠MFP (LSI name)'!P61,"Serial*")+COUNTIF('＠MFP (LSI name)'!P61,"Analog*")>0,'＠MFP (LSI name)'!P61,OFFSET('＠グループ、表示名'!$H$4,MATCH('＠MFP (LSI name)'!P61,'＠グループ、表示名'!$D$4:$D$250,0)-1,0))) | Q61: =IF('＠MFP (LSI name)'!Q61="","",IF(COUNTIF('＠MFP (LSI name)'!Q61,"Serial*")+COUNTIF('＠MFP (LSI name)'!Q61,"Analog*")>0,'＠MFP (LSI name)'!Q61,OFFSET('＠グループ、表示名'!$H$4,MATCH('＠MFP (LSI name)'!Q61,'＠グループ、表示名'!$D$4:$D$250,0)-1,0))) | R61: =IF('＠MFP (LSI name)'!R61="","",IF(COUNTIF('＠MFP (LSI name)'!R61,"Serial*")+COUNTIF('＠MFP (LSI name)'!R61,"Analog*")>0,'＠MFP (LSI name)'!R61,OFFSET('＠グループ、表示名'!$H$4,MATCH('＠MFP (LSI name)'!R61,'＠グループ、表示名'!$D$4:$D$250,0)-1,0))) | ... AK61: =IF('＠MFP (LSI name)'!AK61="","",IF(COUNTIF('＠MFP (LSI name)'!AK61,"Serial*")+COUNTIF('＠MFP (LSI name)'!AK61,"Analog*")>0,'＠MFP (LSI name)'!AK61,OFFSET('＠グループ、表示名'!$H$4,MATCH('＠MFP (LSI name)'!AK61,'＠グループ、表示名'!$D$4:$D$250,0)-1,0))) | AL61: =IF(COUNTIF(J61,"P*")>0,"IO"&LEFT(J61,2)&"MD["&RIGHT(J61,1)*4+3&"]","") -> IOP7MD[7] | AM61: =IF(COUNTIF(J61,"P*")>0,"IO"&LEFT(J61,2)&"MD["&RIGHT(J61,1)*4+2&"]","") -> IOP7MD[6] | AN61: =IF(COUNTIF(J61,"P*")>0,"IO"&LEFT(J61,2)&"MD["&RIGHT(J61,1)*4+1&"]","") -> IOP7MD[5] | AO61: =IF(COUNTIF(J61,"P*")>0,"IO"&LEFT(J61,2)&"MD["&RIGHT(J61,1)*4&"]","") -> IOP7MD[4]
A62: 57 | B62: 57 | C62: 47 | D62: 38 | E62: 30 | F62: 57 | G62: 47 | H62: 38 | I62: GP7[0] | J62: P7.0 | K62: =IF('＠MFP (LSI name)'!K62="","",IF(COUNTIF('＠MFP (LSI name)'!K62,"Serial*")+COUNTIF('＠MFP (LSI name)'!K62,"Analog*")>0,'＠MFP (LSI name)'!K62,OFFSET('＠グループ、表示名'!$H$4,MATCH('＠MFP (LSI name)'!K62,'＠グループ、表示名'!$D$4:$D$250,0)-1,0))) -> IRQ05 | L62: =IF('＠MFP (LSI name)'!L62="","",IF(COUNTIF('＠MFP (LSI name)'!L62,"Serial*")+COUNTIF('＠MFP (LSI name)'!L62,"Analog*")>0,'＠MFP (LSI name)'!L62,OFFSET('＠グループ、表示名'!$H$4,MATCH('＠MFP (LSI name)'!L62,'＠グループ、表示名'!$D$4:$D$250,0)-1,0))) -> IRQ10 | M62: =IF('＠MFP (LSI name)'!M62="","",IF(COUNTIF('＠MFP (LSI name)'!M62,"Serial*")+COUNTIF('＠MFP (LSI name)'!M62,"Analog*")>0,'＠MFP (LSI name)'!M62,OFFSET('＠グループ、表示名'!$H$4,MATCH('＠MFP (LSI name)'!M62,'＠グループ、表示名'!$D$4:$D$250,0)-1,0))) | N62: =IF('＠MFP (LSI name)'!N62="","",IF(COUNTIF('＠MFP (LSI name)'!N62,"Serial*")+COUNTIF('＠MFP (LSI name)'!N62,"Analog*")>0,'＠MFP (LSI name)'!N62,OFFSET('＠グループ、表示名'!$H$4,MATCH('＠MFP (LSI name)'!N62,'＠グループ、表示名'!$D$4:$D$250,0)-1,0))) | O62: =IF('＠MFP (LSI name)'!O62="","",IF(COUNTIF('＠MFP (LSI name)'!O62,"Serial*")+COUNTIF('＠MFP (LSI name)'!O62,"Analog*")>0,'＠MFP (LSI name)'!O62,OFFSET('＠グループ、表示名'!$H$4,MATCH('＠MFP (LSI name)'!O62,'＠グループ、表示名'!$D$4:$D$250,0)-1,0))) | P62: =IF('＠MFP (LSI name)'!P62="","",IF(COUNTIF('＠MFP (LSI name)'!P62,"Serial*")+COUNTIF('＠MFP (LSI name)'!P62,"Analog*")>0,'＠MFP (LSI name)'!P62,OFFSET('＠グループ、表示名'!$H$4,MATCH('＠MFP (LSI name)'!P62,'＠グループ、表示名'!$D$4:$D$250,0)-1,0))) | Q62: =IF('＠MFP (LSI name)'!Q62="","",IF(COUNTIF('＠MFP (LSI name)'!Q62,"Serial*")+COUNTIF('＠MFP (LSI name)'!Q62,"Analog*")>0,'＠MFP (LSI name)'!Q62,OFFSET('＠グループ、表示名'!$H$4,MATCH('＠MFP (LSI name)'!Q62,'＠グループ、表示名'!$D$4:$D$250,0)-1,0))) | R62: =IF('＠MFP (LSI name)'!R62="","",IF(COUNTIF('＠MFP (LSI name)'!R62,"Serial*")+COUNTIF('＠MFP (LSI name)'!R62,"Analog*")>0,'＠MFP (LSI name)'!R62,OFFSET('＠グループ、表示名'!$H$4,MATCH('＠MFP (LSI name)'!R62,'＠グループ、表示名'!$D$4:$D$250,0)-1,0))) | ... AK62: =IF('＠MFP (LSI name)'!AK62="","",IF(COUNTIF('＠MFP (LSI name)'!AK62,"Serial*")+COUNTIF('＠MFP (LSI name)'!AK62,"Analog*")>0,'＠MFP (LSI name)'!AK62,OFFSET('＠グループ、表示名'!$H$4,MATCH('＠MFP (LSI name)'!AK62,'＠グループ、表示名'!$D$4:$D$250,0)-1,0))) | AL62: =IF(COUNTIF(J62,"P*")>0,"IO"&LEFT(J62,2)&"MD["&RIGHT(J62,1)*4+3&"]","") -> IOP7MD[3] | AM62: =IF(COUNTIF(J62,"P*")>0,"IO"&LEFT(J62,2)&"MD["&RIGHT(J62,1)*4+2&"]","") -> IOP7MD[2] | AN62: =IF(COUNTIF(J62,"P*")>0,"IO"&LEFT(J62,2)&"MD["&RIGHT(J62,1)*4+1&"]","") -> IOP7MD[1] | AO62: =IF(COUNTIF(J62,"P*")>0,"IO"&LEFT(J62,2)&"MD["&RIGHT(J62,1)*4&"]","") -> IOP7MD[0]
A63: 58 | B63: 58 | F63: 58 | I63: GP3[3] | J63: P3.3 | K63: =IF('＠MFP (LSI name)'!K63="","",IF(COUNTIF('＠MFP (LSI name)'!K63,"Serial*")+COUNTIF('＠MFP (LSI name)'!K63,"Analog*")>0,'＠MFP (LSI name)'!K63,OFFSET('＠グループ、表示名'!$H$4,MATCH('＠MFP (LSI name)'!K63,'＠グループ、表示名'!$D$4:$D$250,0)-1,0))) -> TM00A | L63: =IF('＠MFP (LSI name)'!L63="","",IF(COUNTIF('＠MFP (LSI name)'!L63,"Serial*")+COUNTIF('＠MFP (LSI name)'!L63,"Analog*")>0,'＠MFP (LSI name)'!L63,OFFSET('＠グループ、表示名'!$H$4,MATCH('＠MFP (LSI name)'!L63,'＠グループ、表示名'!$D$4:$D$250,0)-1,0))) -> TM11A | M63: =IF('＠MFP (LSI name)'!M63="","",IF(COUNTIF('＠MFP (LSI name)'!M63,"Serial*")+COUNTIF('＠MFP (LSI name)'!M63,"Analog*")>0,'＠MFP (LSI name)'!M63,OFFSET('＠グループ、表示名'!$H$4,MATCH('＠MFP (LSI name)'!M63,'＠グループ、表示名'!$D$4:$D$250,0)-1,0))) -> GPWM0_GPWM00 | N63: =IF('＠MFP (LSI name)'!N63="","",IF(COUNTIF('＠MFP (LSI name)'!N63,"Serial*")+COUNTIF('＠MFP (LSI name)'!N63,"Analog*")>0,'＠MFP (LSI name)'!N63,OFFSET('＠グループ、表示名'!$H$4,MATCH('＠MFP (LSI name)'!N63,'＠グループ、表示名'!$D$4:$D$250,0)-1,0))) | O63: =IF('＠MFP (LSI name)'!O63="","",IF(COUNTIF('＠MFP (LSI name)'!O63,"Serial*")+COUNTIF('＠MFP (LSI name)'!O63,"Analog*")>0,'＠MFP (LSI name)'!O63,OFFSET('＠グループ、表示名'!$H$4,MATCH('＠MFP (LSI name)'!O63,'＠グループ、表示名'!$D$4:$D$250,0)-1,0))) | P63: =IF('＠MFP (LSI name)'!P63="","",IF(COUNTIF('＠MFP (LSI name)'!P63,"Serial*")+COUNTIF('＠MFP (LSI name)'!P63,"Analog*")>0,'＠MFP (LSI name)'!P63,OFFSET('＠グループ、表示名'!$H$4,MATCH('＠MFP (LSI name)'!P63,'＠グループ、表示名'!$D$4:$D$250,0)-1,0))) | Q63: =IF('＠MFP (LSI name)'!Q63="","",IF(COUNTIF('＠MFP (LSI name)'!Q63,"Serial*")+COUNTIF('＠MFP (LSI name)'!Q63,"Analog*")>0,'＠MFP (LSI name)'!Q63,OFFSET('＠グループ、表示名'!$H$4,MATCH('＠MFP (LSI name)'!Q63,'＠グループ、表示名'!$D$4:$D$250,0)-1,0))) | R63: =IF('＠MFP (LSI name)'!R63="","",IF(COUNTIF('＠MFP (LSI name)'!R63,"Serial*")+COUNTIF('＠MFP (LSI name)'!R63,"Analog*")>0,'＠MFP (LSI name)'!R63,OFFSET('＠グループ、表示名'!$H$4,MATCH('＠MFP (LSI name)'!R63,'＠グループ、表示名'!$D$4:$D$250,0)-1,0))) | ... AK63: =IF('＠MFP (LSI name)'!AK63="","",IF(COUNTIF('＠MFP (LSI name)'!AK63,"Serial*")+COUNTIF('＠MFP (LSI name)'!AK63,"Analog*")>0,'＠MFP (LSI name)'!AK63,OFFSET('＠グループ、表示名'!$H$4,MATCH('＠MFP (LSI name)'!AK63,'＠グループ、表示名'!$D$4:$D$250,0)-1,0))) | AL63: =IF(COUNTIF(J63,"P*")>0,"IO"&LEFT(J63,2)&"MD["&RIGHT(J63,1)*4+3&"]","") -> IOP3MD[15] | AM63: =IF(COUNTIF(J63,"P*")>0,"IO"&LEFT(J63,2)&"MD["&RIGHT(J63,1)*4+2&"]","") -> IOP3MD[14] | AN63: =IF(COUNTIF(J63,"P*")>0,"IO"&LEFT(J63,2)&"MD["&RIGHT(J63,1)*4+1&"]","") -> IOP3MD[13] | AO63: =IF(COUNTIF(J63,"P*")>0,"IO"&LEFT(J63,2)&"MD["&RIGHT(J63,1)*4&"]","") -> IOP3MD[12]
A64: 59 | B64: 59 | F64: 59 | I64: GP3[2] | J64: P3.2 | K64: =IF('＠MFP (LSI name)'!K64="","",IF(COUNTIF('＠MFP (LSI name)'!K64,"Serial*")+COUNTIF('＠MFP (LSI name)'!K64,"Analog*")>0,'＠MFP (LSI name)'!K64,OFFSET('＠グループ、表示名'!$H$4,MATCH('＠MFP (LSI name)'!K64,'＠グループ、表示名'!$D$4:$D$250,0)-1,0))) -> TM06A | L64: =IF('＠MFP (LSI name)'!L64="","",IF(COUNTIF('＠MFP (LSI name)'!L64,"Serial*")+COUNTIF('＠MFP (LSI name)'!L64,"Analog*")>0,'＠MFP (LSI name)'!L64,OFFSET('＠グループ、表示名'!$H$4,MATCH('＠MFP (LSI name)'!L64,'＠グループ、表示名'!$D$4:$D$250,0)-1,0))) -> TM11B | M64: =IF('＠MFP (LSI name)'!M64="","",IF(COUNTIF('＠MFP (LSI name)'!M64,"Serial*")+COUNTIF('＠MFP (LSI name)'!M64,"Analog*")>0,'＠MFP (LSI name)'!M64,OFFSET('＠グループ、表示名'!$H$4,MATCH('＠MFP (LSI name)'!M64,'＠グループ、表示名'!$D$4:$D$250,0)-1,0))) -> GPWM1_GPWM10 | N64: =IF('＠MFP (LSI name)'!N64="","",IF(COUNTIF('＠MFP (LSI name)'!N64,"Serial*")+COUNTIF('＠MFP (LSI name)'!N64,"Analog*")>0,'＠MFP (LSI name)'!N64,OFFSET('＠グループ、表示名'!$H$4,MATCH('＠MFP (LSI name)'!N64,'＠グループ、表示名'!$D$4:$D$250,0)-1,0))) | O64: =IF('＠MFP (LSI name)'!O64="","",IF(COUNTIF('＠MFP (LSI name)'!O64,"Serial*")+COUNTIF('＠MFP (LSI name)'!O64,"Analog*")>0,'＠MFP (LSI name)'!O64,OFFSET('＠グループ、表示名'!$H$4,MATCH('＠MFP (LSI name)'!O64,'＠グループ、表示名'!$D$4:$D$250,0)-1,0))) | P64: =IF('＠MFP (LSI name)'!P64="","",IF(COUNTIF('＠MFP (LSI name)'!P64,"Serial*")+COUNTIF('＠MFP (LSI name)'!P64,"Analog*")>0,'＠MFP (LSI name)'!P64,OFFSET('＠グループ、表示名'!$H$4,MATCH('＠MFP (LSI name)'!P64,'＠グループ、表示名'!$D$4:$D$250,0)-1,0))) | Q64: =IF('＠MFP (LSI name)'!Q64="","",IF(COUNTIF('＠MFP (LSI name)'!Q64,"Serial*")+COUNTIF('＠MFP (LSI name)'!Q64,"Analog*")>0,'＠MFP (LSI name)'!Q64,OFFSET('＠グループ、表示名'!$H$4,MATCH('＠MFP (LSI name)'!Q64,'＠グループ、表示名'!$D$4:$D$250,0)-1,0))) | R64: =IF('＠MFP (LSI name)'!R64="","",IF(COUNTIF('＠MFP (LSI name)'!R64,"Serial*")+COUNTIF('＠MFP (LSI name)'!R64,"Analog*")>0,'＠MFP (LSI name)'!R64,OFFSET('＠グループ、表示名'!$H$4,MATCH('＠MFP (LSI name)'!R64,'＠グループ、表示名'!$D$4:$D$250,0)-1,0))) | ... AK64: =IF('＠MFP (LSI name)'!AK64="","",IF(COUNTIF('＠MFP (LSI name)'!AK64,"Serial*")+COUNTIF('＠MFP (LSI name)'!AK64,"Analog*")>0,'＠MFP (LSI name)'!AK64,OFFSET('＠グループ、表示名'!$H$4,MATCH('＠MFP (LSI name)'!AK64,'＠グループ、表示名'!$D$4:$D$250,0)-1,0))) | AL64: =IF(COUNTIF(J64,"P*")>0,"IO"&LEFT(J64,2)&"MD["&RIGHT(J64,1)*4+3&"]","") -> IOP3MD[11] | AM64: =IF(COUNTIF(J64,"P*")>0,"IO"&LEFT(J64,2)&"MD["&RIGHT(J64,1)*4+2&"]","") -> IOP3MD[10] | AN64: =IF(COUNTIF(J64,"P*")>0,"IO"&LEFT(J64,2)&"MD["&RIGHT(J64,1)*4+1&"]","") -> IOP3MD[9] | AO64: =IF(COUNTIF(J64,"P*")>0,"IO"&LEFT(J64,2)&"MD["&RIGHT(J64,1)*4&"]","") -> IOP3MD[8]
A65: 60 | B65: 60 | C65: 48 | D65: 39 | F65: 60 | G65: 48 | H65: 39 | I65: VDD50 | J65: VDD50 | K65: =IF('＠MFP (LSI name)'!K65="","",IF(COUNTIF('＠MFP (LSI name)'!K65,"Serial*")+COUNTIF('＠MFP (LSI name)'!K65,"Analog*")>0,'＠MFP (LSI name)'!K65,OFFSET('＠グループ、表示名'!$H$4,MATCH('＠MFP (LSI name)'!K65,'＠グループ、表示名'!$D$4:$D$250,0)-1,0))) | L65: =IF('＠MFP (LSI name)'!L65="","",IF(COUNTIF('＠MFP (LSI name)'!L65,"Serial*")+COUNTIF('＠MFP (LSI name)'!L65,"Analog*")>0,'＠MFP (LSI name)'!L65,OFFSET('＠グループ、表示名'!$H$4,MATCH('＠MFP (LSI name)'!L65,'＠グループ、表示名'!$D$4:$D$250,0)-1,0))) | M65: =IF('＠MFP (LSI name)'!M65="","",IF(COUNTIF('＠MFP (LSI name)'!M65,"Serial*")+COUNTIF('＠MFP (LSI name)'!M65,"Analog*")>0,'＠MFP (LSI name)'!M65,OFFSET('＠グループ、表示名'!$H$4,MATCH('＠MFP (LSI name)'!M65,'＠グループ、表示名'!$D$4:$D$250,0)-1,0))) | N65: =IF('＠MFP (LSI name)'!N65="","",IF(COUNTIF('＠MFP (LSI name)'!N65,"Serial*")+COUNTIF('＠MFP (LSI name)'!N65,"Analog*")>0,'＠MFP (LSI name)'!N65,OFFSET('＠グループ、表示名'!$H$4,MATCH('＠MFP (LSI name)'!N65,'＠グループ、表示名'!$D$4:$D$250,0)-1,0))) | O65: =IF('＠MFP (LSI name)'!O65="","",IF(COUNTIF('＠MFP (LSI name)'!O65,"Serial*")+COUNTIF('＠MFP (LSI name)'!O65,"Analog*")>0,'＠MFP (LSI name)'!O65,OFFSET('＠グループ、表示名'!$H$4,MATCH('＠MFP (LSI name)'!O65,'＠グループ、表示名'!$D$4:$D$250,0)-1,0))) | P65: =IF('＠MFP (LSI name)'!P65="","",IF(COUNTIF('＠MFP (LSI name)'!P65,"Serial*")+COUNTIF('＠MFP (LSI name)'!P65,"Analog*")>0,'＠MFP (LSI name)'!P65,OFFSET('＠グループ、表示名'!$H$4,MATCH('＠MFP (LSI name)'!P65,'＠グループ、表示名'!$D$4:$D$250,0)-1,0))) | Q65: =IF('＠MFP (LSI name)'!Q65="","",IF(COUNTIF('＠MFP (LSI name)'!Q65,"Serial*")+COUNTIF('＠MFP (LSI name)'!Q65,"Analog*")>0,'＠MFP (LSI name)'!Q65,OFFSET('＠グループ、表示名'!$H$4,MATCH('＠MFP (LSI name)'!Q65,'＠グループ、表示名'!$D$4:$D$250,0)-1,0))) | R65: =IF('＠MFP (LSI name)'!R65="","",IF(COUNTIF('＠MFP (LSI name)'!R65,"Serial*")+COUNTIF('＠MFP (LSI name)'!R65,"Analog*")>0,'＠MFP (LSI name)'!R65,OFFSET('＠グループ、表示名'!$H$4,MATCH('＠MFP (LSI name)'!R65,'＠グループ、表示名'!$D$4:$D$250,0)-1,0))) | ... AK65: =IF('＠MFP (LSI name)'!AK65="","",IF(COUNTIF('＠MFP (LSI name)'!AK65,"Serial*")+COUNTIF('＠MFP (LSI name)'!AK65,"Analog*")>0,'＠MFP (LSI name)'!AK65,OFFSET('＠グループ、表示名'!$H$4,MATCH('＠MFP (LSI name)'!AK65,'＠グループ、表示名'!$D$4:$D$250,0)-1,0))) | AL65: =IF(COUNTIF(J65,"P*")>0,"IO"&LEFT(J65,2)&"MD["&RIGHT(J65,1)*4+3&"]","") | AM65: =IF(COUNTIF(J65,"P*")>0,"IO"&LEFT(J65,2)&"MD["&RIGHT(J65,1)*4+2&"]","") | AN65: =IF(COUNTIF(J65,"P*")>0,"IO"&LEFT(J65,2)&"MD["&RIGHT(J65,1)*4+1&"]","") | AO65: =IF(COUNTIF(J65,"P*")>0,"IO"&LEFT(J65,2)&"MD["&RIGHT(J65,1)*4&"]","")
A66: 61 | B66: 61 | C66: 49 | D66: 40 | F66: 61 | G66: 49 | H66: 40 | I66: GP3[1] | J66: P3.1 | K66: =IF('＠MFP (LSI name)'!K66="","",IF(COUNTIF('＠MFP (LSI name)'!K66,"Serial*")+COUNTIF('＠MFP (LSI name)'!K66,"Analog*")>0,'＠MFP (LSI name)'!K66,OFFSET('＠グループ、表示名'!$H$4,MATCH('＠MFP (LSI name)'!K66,'＠グループ、表示名'!$D$4:$D$250,0)-1,0))) -> IRQ06 | L66: =IF('＠MFP (LSI name)'!L66="","",IF(COUNTIF('＠MFP (LSI name)'!L66,"Serial*")+COUNTIF('＠MFP (LSI name)'!L66,"Analog*")>0,'＠MFP (LSI name)'!L66,OFFSET('＠グループ、表示名'!$H$4,MATCH('＠MFP (LSI name)'!L66,'＠グループ、表示名'!$D$4:$D$250,0)-1,0))) -> IRQ36 | M66: =IF('＠MFP (LSI name)'!M66="","",IF(COUNTIF('＠MFP (LSI name)'!M66,"Serial*")+COUNTIF('＠MFP (LSI name)'!M66,"Analog*")>0,'＠MFP (LSI name)'!M66,OFFSET('＠グループ、表示名'!$H$4,MATCH('＠MFP (LSI name)'!M66,'＠グループ、表示名'!$D$4:$D$250,0)-1,0))) -> TM10A | N66: =IF('＠MFP (LSI name)'!N66="","",IF(COUNTIF('＠MFP (LSI name)'!N66,"Serial*")+COUNTIF('＠MFP (LSI name)'!N66,"Analog*")>0,'＠MFP (LSI name)'!N66,OFFSET('＠グループ、表示名'!$H$4,MATCH('＠MFP (LSI name)'!N66,'＠グループ、表示名'!$D$4:$D$250,0)-1,0))) -> TM12A | O66: =IF('＠MFP (LSI name)'!O66="","",IF(COUNTIF('＠MFP (LSI name)'!O66,"Serial*")+COUNTIF('＠MFP (LSI name)'!O66,"Analog*")>0,'＠MFP (LSI name)'!O66,OFFSET('＠グループ、表示名'!$H$4,MATCH('＠MFP (LSI name)'!O66,'＠グループ、表示名'!$D$4:$D$250,0)-1,0))) -> DBG_TRCCLK | P66: =IF('＠MFP (LSI name)'!P66="","",IF(COUNTIF('＠MFP (LSI name)'!P66,"Serial*")+COUNTIF('＠MFP (LSI name)'!P66,"Analog*")>0,'＠MFP (LSI name)'!P66,OFFSET('＠グループ、表示名'!$H$4,MATCH('＠MFP (LSI name)'!P66,'＠グループ、表示名'!$D$4:$D$250,0)-1,0))) | Q66: =IF('＠MFP (LSI name)'!Q66="","",IF(COUNTIF('＠MFP (LSI name)'!Q66,"Serial*")+COUNTIF('＠MFP (LSI name)'!Q66,"Analog*")>0,'＠MFP (LSI name)'!Q66,OFFSET('＠グループ、表示名'!$H$4,MATCH('＠MFP (LSI name)'!Q66,'＠グループ、表示名'!$D$4:$D$250,0)-1,0))) | R66: =IF('＠MFP (LSI name)'!R66="","",IF(COUNTIF('＠MFP (LSI name)'!R66,"Serial*")+COUNTIF('＠MFP (LSI name)'!R66,"Analog*")>0,'＠MFP (LSI name)'!R66,OFFSET('＠グループ、表示名'!$H$4,MATCH('＠MFP (LSI name)'!R66,'＠グループ、表示名'!$D$4:$D$250,0)-1,0))) | ... AK66: =IF('＠MFP (LSI name)'!AK66="","",IF(COUNTIF('＠MFP (LSI name)'!AK66,"Serial*")+COUNTIF('＠MFP (LSI name)'!AK66,"Analog*")>0,'＠MFP (LSI name)'!AK66,OFFSET('＠グループ、表示名'!$H$4,MATCH('＠MFP (LSI name)'!AK66,'＠グループ、表示名'!$D$4:$D$250,0)-1,0))) | AL66: =IF(COUNTIF(J66,"P*")>0,"IO"&LEFT(J66,2)&"MD["&RIGHT(J66,1)*4+3&"]","") -> IOP3MD[7] | AM66: =IF(COUNTIF(J66,"P*")>0,"IO"&LEFT(J66,2)&"MD["&RIGHT(J66,1)*4+2&"]","") -> IOP3MD[6] | AN66: =IF(COUNTIF(J66,"P*")>0,"IO"&LEFT(J66,2)&"MD["&RIGHT(J66,1)*4+1&"]","") -> IOP3MD[5] | AO66: =IF(COUNTIF(J66,"P*")>0,"IO"&LEFT(J66,2)&"MD["&RIGHT(J66,1)*4&"]","") -> IOP3MD[4]
A67: 62 | B67: 62 | C67: 50 | D67: 41 | F67: 62 | G67: 50 | H67: 41 | I67: VSSPST | J67: VSS | K67: =IF('＠MFP (LSI name)'!K67="","",IF(COUNTIF('＠MFP (LSI name)'!K67,"Serial*")+COUNTIF('＠MFP (LSI name)'!K67,"Analog*")>0,'＠MFP (LSI name)'!K67,OFFSET('＠グループ、表示名'!$H$4,MATCH('＠MFP (LSI name)'!K67,'＠グループ、表示名'!$D$4:$D$250,0)-1,0))) | L67: =IF('＠MFP (LSI name)'!L67="","",IF(COUNTIF('＠MFP (LSI name)'!L67,"Serial*")+COUNTIF('＠MFP (LSI name)'!L67,"Analog*")>0,'＠MFP (LSI name)'!L67,OFFSET('＠グループ、表示名'!$H$4,MATCH('＠MFP (LSI name)'!L67,'＠グループ、表示名'!$D$4:$D$250,0)-1,0))) | M67: =IF('＠MFP (LSI name)'!M67="","",IF(COUNTIF('＠MFP (LSI name)'!M67,"Serial*")+COUNTIF('＠MFP (LSI name)'!M67,"Analog*")>0,'＠MFP (LSI name)'!M67,OFFSET('＠グループ、表示名'!$H$4,MATCH('＠MFP (LSI name)'!M67,'＠グループ、表示名'!$D$4:$D$250,0)-1,0))) | N67: =IF('＠MFP (LSI name)'!N67="","",IF(COUNTIF('＠MFP (LSI name)'!N67,"Serial*")+COUNTIF('＠MFP (LSI name)'!N67,"Analog*")>0,'＠MFP (LSI name)'!N67,OFFSET('＠グループ、表示名'!$H$4,MATCH('＠MFP (LSI name)'!N67,'＠グループ、表示名'!$D$4:$D$250,0)-1,0))) | O67: =IF('＠MFP (LSI name)'!O67="","",IF(COUNTIF('＠MFP (LSI name)'!O67,"Serial*")+COUNTIF('＠MFP (LSI name)'!O67,"Analog*")>0,'＠MFP (LSI name)'!O67,OFFSET('＠グループ、表示名'!$H$4,MATCH('＠MFP (LSI name)'!O67,'＠グループ、表示名'!$D$4:$D$250,0)-1,0))) | P67: =IF('＠MFP (LSI name)'!P67="","",IF(COUNTIF('＠MFP (LSI name)'!P67,"Serial*")+COUNTIF('＠MFP (LSI name)'!P67,"Analog*")>0,'＠MFP (LSI name)'!P67,OFFSET('＠グループ、表示名'!$H$4,MATCH('＠MFP (LSI name)'!P67,'＠グループ、表示名'!$D$4:$D$250,0)-1,0))) | Q67: =IF('＠MFP (LSI name)'!Q67="","",IF(COUNTIF('＠MFP (LSI name)'!Q67,"Serial*")+COUNTIF('＠MFP (LSI name)'!Q67,"Analog*")>0,'＠MFP (LSI name)'!Q67,OFFSET('＠グループ、表示名'!$H$4,MATCH('＠MFP (LSI name)'!Q67,'＠グループ、表示名'!$D$4:$D$250,0)-1,0))) | R67: =IF('＠MFP (LSI name)'!R67="","",IF(COUNTIF('＠MFP (LSI name)'!R67,"Serial*")+COUNTIF('＠MFP (LSI name)'!R67,"Analog*")>0,'＠MFP (LSI name)'!R67,OFFSET('＠グループ、表示名'!$H$4,MATCH('＠MFP (LSI name)'!R67,'＠グループ、表示名'!$D$4:$D$250,0)-1,0))) | ... AK67: =IF('＠MFP (LSI name)'!AK67="","",IF(COUNTIF('＠MFP (LSI name)'!AK67,"Serial*")+COUNTIF('＠MFP (LSI name)'!AK67,"Analog*")>0,'＠MFP (LSI name)'!AK67,OFFSET('＠グループ、表示名'!$H$4,MATCH('＠MFP (LSI name)'!AK67,'＠グループ、表示名'!$D$4:$D$250,0)-1,0))) | AL67: =IF(COUNTIF(J67,"P*")>0,"IO"&LEFT(J67,2)&"MD["&RIGHT(J67,1)*4+3&"]","") | AM67: =IF(COUNTIF(J67,"P*")>0,"IO"&LEFT(J67,2)&"MD["&RIGHT(J67,1)*4+2&"]","") | AN67: =IF(COUNTIF(J67,"P*")>0,"IO"&LEFT(J67,2)&"MD["&RIGHT(J67,1)*4+1&"]","") | AO67: =IF(COUNTIF(J67,"P*")>0,"IO"&LEFT(J67,2)&"MD["&RIGHT(J67,1)*4&"]","")
A68: 63 | B68: 63 | C68: 51 | D68: 42 | E68: 31 | F68: 63 | G68: 51 | H68: 42 | I68: GP3[0] | J68: P3.0 | K68: =IF('＠MFP (LSI name)'!K68="","",IF(COUNTIF('＠MFP (LSI name)'!K68,"Serial*")+COUNTIF('＠MFP (LSI name)'!K68,"Analog*")>0,'＠MFP (LSI name)'!K68,OFFSET('＠グループ、表示名'!$H$4,MATCH('＠MFP (LSI name)'!K68,'＠グループ、表示名'!$D$4:$D$250,0)-1,0))) -> IRQ07 | L68: =IF('＠MFP (LSI name)'!L68="","",IF(COUNTIF('＠MFP (LSI name)'!L68,"Serial*")+COUNTIF('＠MFP (LSI name)'!L68,"Analog*")>0,'＠MFP (LSI name)'!L68,OFFSET('＠グループ、表示名'!$H$4,MATCH('＠MFP (LSI name)'!L68,'＠グループ、表示名'!$D$4:$D$250,0)-1,0))) -> TM06B | M68: =IF('＠MFP (LSI name)'!M68="","",IF(COUNTIF('＠MFP (LSI name)'!M68,"Serial*")+COUNTIF('＠MFP (LSI name)'!M68,"Analog*")>0,'＠MFP (LSI name)'!M68,OFFSET('＠グループ、表示名'!$H$4,MATCH('＠MFP (LSI name)'!M68,'＠グループ、表示名'!$D$4:$D$250,0)-1,0))) -> TM10B | N68: =IF('＠MFP (LSI name)'!N68="","",IF(COUNTIF('＠MFP (LSI name)'!N68,"Serial*")+COUNTIF('＠MFP (LSI name)'!N68,"Analog*")>0,'＠MFP (LSI name)'!N68,OFFSET('＠グループ、表示名'!$H$4,MATCH('＠MFP (LSI name)'!N68,'＠グループ、表示名'!$D$4:$D$250,0)-1,0))) -> TM12B | O68: =IF('＠MFP (LSI name)'!O68="","",IF(COUNTIF('＠MFP (LSI name)'!O68,"Serial*")+COUNTIF('＠MFP (LSI name)'!O68,"Analog*")>0,'＠MFP (LSI name)'!O68,OFFSET('＠グループ、表示名'!$H$4,MATCH('＠MFP (LSI name)'!O68,'＠グループ、表示名'!$D$4:$D$250,0)-1,0))) -> SIF3_SBCS3 | P68: =IF('＠MFP (LSI name)'!P68="","",IF(COUNTIF('＠MFP (LSI name)'!P68,"Serial*")+COUNTIF('＠MFP (LSI name)'!P68,"Analog*")>0,'＠MFP (LSI name)'!P68,OFFSET('＠グループ、表示名'!$H$4,MATCH('＠MFP (LSI name)'!P68,'＠グループ、表示名'!$D$4:$D$250,0)-1,0))) -> GPWM0_GPWMST0 | Q68: =IF('＠MFP (LSI name)'!Q68="","",IF(COUNTIF('＠MFP (LSI name)'!Q68,"Serial*")+COUNTIF('＠MFP (LSI name)'!Q68,"Analog*")>0,'＠MFP (LSI name)'!Q68,OFFSET('＠グループ、表示名'!$H$4,MATCH('＠MFP (LSI name)'!Q68,'＠グループ、表示名'!$D$4:$D$250,0)-1,0))) -> GPWM3_GPWMST3 | R68: =IF('＠MFP (LSI name)'!R68="","",IF(COUNTIF('＠MFP (LSI name)'!R68,"Serial*")+COUNTIF('＠MFP (LSI name)'!R68,"Analog*")>0,'＠MFP (LSI name)'!R68,OFFSET('＠グループ、表示名'!$H$4,MATCH('＠MFP (LSI name)'!R68,'＠グループ、表示名'!$D$4:$D$250,0)-1,0))) -> CMP1_CMPOT10 | ... AK68: =IF('＠MFP (LSI name)'!AK68="","",IF(COUNTIF('＠MFP (LSI name)'!AK68,"Serial*")+COUNTIF('＠MFP (LSI name)'!AK68,"Analog*")>0,'＠MFP (LSI name)'!AK68,OFFSET('＠グループ、表示名'!$H$4,MATCH('＠MFP (LSI name)'!AK68,'＠グループ、表示名'!$D$4:$D$250,0)-1,0))) | AL68: =IF(COUNTIF(J68,"P*")>0,"IO"&LEFT(J68,2)&"MD["&RIGHT(J68,1)*4+3&"]","") -> IOP3MD[3] | AM68: =IF(COUNTIF(J68,"P*")>0,"IO"&LEFT(J68,2)&"MD["&RIGHT(J68,1)*4+2&"]","") -> IOP3MD[2] | AN68: =IF(COUNTIF(J68,"P*")>0,"IO"&LEFT(J68,2)&"MD["&RIGHT(J68,1)*4+1&"]","") -> IOP3MD[1] | AO68: =IF(COUNTIF(J68,"P*")>0,"IO"&LEFT(J68,2)&"MD["&RIGHT(J68,1)*4&"]","") -> IOP3MD[0]
A69: 64 | B69: 64 | C69: 52 | D69: 43 | F69: 64 | G69: 52 | H69: 43 | I69: GP2[4] | J69: P2.4 | K69: =IF('＠MFP (LSI name)'!K69="","",IF(COUNTIF('＠MFP (LSI name)'!K69,"Serial*")+COUNTIF('＠MFP (LSI name)'!K69,"Analog*")>0,'＠MFP (LSI name)'!K69,OFFSET('＠グループ、表示名'!$H$4,MATCH('＠MFP (LSI name)'!K69,'＠グループ、表示名'!$D$4:$D$250,0)-1,0))) -> TM02B | L69: =IF('＠MFP (LSI name)'!L69="","",IF(COUNTIF('＠MFP (LSI name)'!L69,"Serial*")+COUNTIF('＠MFP (LSI name)'!L69,"Analog*")>0,'＠MFP (LSI name)'!L69,OFFSET('＠グループ、表示名'!$H$4,MATCH('＠MFP (LSI name)'!L69,'＠グループ、表示名'!$D$4:$D$250,0)-1,0))) -> TM06A | M69: =IF('＠MFP (LSI name)'!M69="","",IF(COUNTIF('＠MFP (LSI name)'!M69,"Serial*")+COUNTIF('＠MFP (LSI name)'!M69,"Analog*")>0,'＠MFP (LSI name)'!M69,OFFSET('＠グループ、表示名'!$H$4,MATCH('＠MFP (LSI name)'!M69,'＠グループ、表示名'!$D$4:$D$250,0)-1,0))) -> SIF3_SBT3 | N69: =IF('＠MFP (LSI name)'!N69="","",IF(COUNTIF('＠MFP (LSI name)'!N69,"Serial*")+COUNTIF('＠MFP (LSI name)'!N69,"Analog*")>0,'＠MFP (LSI name)'!N69,OFFSET('＠グループ、表示名'!$H$4,MATCH('＠MFP (LSI name)'!N69,'＠グループ、表示名'!$D$4:$D$250,0)-1,0))) -> GPWM1_GPWMST1 | O69: =IF('＠MFP (LSI name)'!O69="","",IF(COUNTIF('＠MFP (LSI name)'!O69,"Serial*")+COUNTIF('＠MFP (LSI name)'!O69,"Analog*")>0,'＠MFP (LSI name)'!O69,OFFSET('＠グループ、表示名'!$H$4,MATCH('＠MFP (LSI name)'!O69,'＠グループ、表示名'!$D$4:$D$250,0)-1,0))) -> GPWM4_GPWMST4 | P69: =IF('＠MFP (LSI name)'!P69="","",IF(COUNTIF('＠MFP (LSI name)'!P69,"Serial*")+COUNTIF('＠MFP (LSI name)'!P69,"Analog*")>0,'＠MFP (LSI name)'!P69,OFFSET('＠グループ、表示名'!$H$4,MATCH('＠MFP (LSI name)'!P69,'＠グループ、表示名'!$D$4:$D$250,0)-1,0))) -> CMP0_CMPOT00 | Q69: =IF('＠MFP (LSI name)'!Q69="","",IF(COUNTIF('＠MFP (LSI name)'!Q69,"Serial*")+COUNTIF('＠MFP (LSI name)'!Q69,"Analog*")>0,'＠MFP (LSI name)'!Q69,OFFSET('＠グループ、表示名'!$H$4,MATCH('＠MFP (LSI name)'!Q69,'＠グループ、表示名'!$D$4:$D$250,0)-1,0))) -> CMP0_CMPOT01 | R69: =IF('＠MFP (LSI name)'!R69="","",IF(COUNTIF('＠MFP (LSI name)'!R69,"Serial*")+COUNTIF('＠MFP (LSI name)'!R69,"Analog*")>0,'＠MFP (LSI name)'!R69,OFFSET('＠グループ、表示名'!$H$4,MATCH('＠MFP (LSI name)'!R69,'＠グループ、表示名'!$D$4:$D$250,0)-1,0))) -> DAC_DAOT0 | ... AK69: =IF('＠MFP (LSI name)'!AK69="","",IF(COUNTIF('＠MFP (LSI name)'!AK69,"Serial*")+COUNTIF('＠MFP (LSI name)'!AK69,"Analog*")>0,'＠MFP (LSI name)'!AK69,OFFSET('＠グループ、表示名'!$H$4,MATCH('＠MFP (LSI name)'!AK69,'＠グループ、表示名'!$D$4:$D$250,0)-1,0))) | AL69: =IF(COUNTIF(J69,"P*")>0,"IO"&LEFT(J69,2)&"MD["&RIGHT(J69,1)*4+3&"]","") -> IOP2MD[19] | AM69: =IF(COUNTIF(J69,"P*")>0,"IO"&LEFT(J69,2)&"MD["&RIGHT(J69,1)*4+2&"]","") -> IOP2MD[18] | AN69: =IF(COUNTIF(J69,"P*")>0,"IO"&LEFT(J69,2)&"MD["&RIGHT(J69,1)*4+1&"]","") -> IOP2MD[17] | AO69: =IF(COUNTIF(J69,"P*")>0,"IO"&LEFT(J69,2)&"MD["&RIGHT(J69,1)*4&"]","") -> IOP2MD[16]
A70: 64' | E70: 32 | I70: GP2[4] | J70: P2.4 | K70: =IF('＠MFP (LSI name)'!K70="","",IF(COUNTIF('＠MFP (LSI name)'!K70,"Serial*")+COUNTIF('＠MFP (LSI name)'!K70,"Analog*")>0,'＠MFP (LSI name)'!K70,OFFSET('＠グループ、表示名'!$H$4,MATCH('＠MFP (LSI name)'!K70,'＠グループ、表示名'!$D$4:$D$250,0)-1,0))) -> TM02B | L70: =IF('＠MFP (LSI name)'!L70="","",IF(COUNTIF('＠MFP (LSI name)'!L70,"Serial*")+COUNTIF('＠MFP (LSI name)'!L70,"Analog*")>0,'＠MFP (LSI name)'!L70,OFFSET('＠グループ、表示名'!$H$4,MATCH('＠MFP (LSI name)'!L70,'＠グループ、表示名'!$D$4:$D$250,0)-1,0))) -> TM06A | M70: =IF('＠MFP (LSI name)'!M70="","",IF(COUNTIF('＠MFP (LSI name)'!M70,"Serial*")+COUNTIF('＠MFP (LSI name)'!M70,"Analog*")>0,'＠MFP (LSI name)'!M70,OFFSET('＠グループ、表示名'!$H$4,MATCH('＠MFP (LSI name)'!M70,'＠グループ、表示名'!$D$4:$D$250,0)-1,0))) -> SIF3_SBT3 | N70: =IF('＠MFP (LSI name)'!N70="","",IF(COUNTIF('＠MFP (LSI name)'!N70,"Serial*")+COUNTIF('＠MFP (LSI name)'!N70,"Analog*")>0,'＠MFP (LSI name)'!N70,OFFSET('＠グループ、表示名'!$H$4,MATCH('＠MFP (LSI name)'!N70,'＠グループ、表示名'!$D$4:$D$250,0)-1,0))) -> GPWM1_GPWMST1 | O70: =IF('＠MFP (LSI name)'!O70="","",IF(COUNTIF('＠MFP (LSI name)'!O70,"Serial*")+COUNTIF('＠MFP (LSI name)'!O70,"Analog*")>0,'＠MFP (LSI name)'!O70,OFFSET('＠グループ、表示名'!$H$4,MATCH('＠MFP (LSI name)'!O70,'＠グループ、表示名'!$D$4:$D$250,0)-1,0))) -> GPWM4_GPWMST4 | P70: =IF('＠MFP (LSI name)'!P70="","",IF(COUNTIF('＠MFP (LSI name)'!P70,"Serial*")+COUNTIF('＠MFP (LSI name)'!P70,"Analog*")>0,'＠MFP (LSI name)'!P70,OFFSET('＠グループ、表示名'!$H$4,MATCH('＠MFP (LSI name)'!P70,'＠グループ、表示名'!$D$4:$D$250,0)-1,0))) -> CMP0_CMPOT00 | Q70: =IF('＠MFP (LSI name)'!Q70="","",IF(COUNTIF('＠MFP (LSI name)'!Q70,"Serial*")+COUNTIF('＠MFP (LSI name)'!Q70,"Analog*")>0,'＠MFP (LSI name)'!Q70,OFFSET('＠グループ、表示名'!$H$4,MATCH('＠MFP (LSI name)'!Q70,'＠グループ、表示名'!$D$4:$D$250,0)-1,0))) -> CMP0_CMPOT01 | R70: =IF('＠MFP (LSI name)'!R70="","",IF(COUNTIF('＠MFP (LSI name)'!R70,"Serial*")+COUNTIF('＠MFP (LSI name)'!R70,"Analog*")>0,'＠MFP (LSI name)'!R70,OFFSET('＠グループ、表示名'!$H$4,MATCH('＠MFP (LSI name)'!R70,'＠グループ、表示名'!$D$4:$D$250,0)-1,0))) -> DAC_DAOT0 | ... AK70: =IF('＠MFP (LSI name)'!AK70="","",IF(COUNTIF('＠MFP (LSI name)'!AK70,"Serial*")+COUNTIF('＠MFP (LSI name)'!AK70,"Analog*")>0,'＠MFP (LSI name)'!AK70,OFFSET('＠グループ、表示名'!$H$4,MATCH('＠MFP (LSI name)'!AK70,'＠グループ、表示名'!$D$4:$D$250,0)-1,0))) | AL70: =IF(COUNTIF(J70,"P*")>0,"IO"&LEFT(J70,2)&"MD["&RIGHT(J70,1)*4+3&"]","") -> IOP2MD[19] | AM70: =IF(COUNTIF(J70,"P*")>0,"IO"&LEFT(J70,2)&"MD["&RIGHT(J70,1)*4+2&"]","") -> IOP2MD[18] | AN70: =IF(COUNTIF(J70,"P*")>0,"IO"&LEFT(J70,2)&"MD["&RIGHT(J70,1)*4+1&"]","") -> IOP2MD[17] | AO70: =IF(COUNTIF(J70,"P*")>0,"IO"&LEFT(J70,2)&"MD["&RIGHT(J70,1)*4&"]","") -> IOP2MD[16]
A71: 65 | B71: 65 | C71: 53 | D71: 44 | F71: 65 | G71: 53 | H71: 44 | I71: GP2[3] | J71: P2.3 | K71: =IF('＠MFP (LSI name)'!K71="","",IF(COUNTIF('＠MFP (LSI name)'!K71,"Serial*")+COUNTIF('＠MFP (LSI name)'!K71,"Analog*")>0,'＠MFP (LSI name)'!K71,OFFSET('＠グループ、表示名'!$H$4,MATCH('＠MFP (LSI name)'!K71,'＠グループ、表示名'!$D$4:$D$250,0)-1,0))) -> TM02A | L71: =IF('＠MFP (LSI name)'!L71="","",IF(COUNTIF('＠MFP (LSI name)'!L71,"Serial*")+COUNTIF('＠MFP (LSI name)'!L71,"Analog*")>0,'＠MFP (LSI name)'!L71,OFFSET('＠グループ、表示名'!$H$4,MATCH('＠MFP (LSI name)'!L71,'＠グループ、表示名'!$D$4:$D$250,0)-1,0))) -> TM07A | M71: =IF('＠MFP (LSI name)'!M71="","",IF(COUNTIF('＠MFP (LSI name)'!M71,"Serial*")+COUNTIF('＠MFP (LSI name)'!M71,"Analog*")>0,'＠MFP (LSI name)'!M71,OFFSET('＠グループ、表示名'!$H$4,MATCH('＠MFP (LSI name)'!M71,'＠グループ、表示名'!$D$4:$D$250,0)-1,0))) -> SIF3_SBI3 | N71: =IF('＠MFP (LSI name)'!N71="","",IF(COUNTIF('＠MFP (LSI name)'!N71,"Serial*")+COUNTIF('＠MFP (LSI name)'!N71,"Analog*")>0,'＠MFP (LSI name)'!N71,OFFSET('＠グループ、表示名'!$H$4,MATCH('＠MFP (LSI name)'!N71,'＠グループ、表示名'!$D$4:$D$250,0)-1,0))) -> SIF3_SBO3 | O71: =IF('＠MFP (LSI name)'!O71="","",IF(COUNTIF('＠MFP (LSI name)'!O71,"Serial*")+COUNTIF('＠MFP (LSI name)'!O71,"Analog*")>0,'＠MFP (LSI name)'!O71,OFFSET('＠グループ、表示名'!$H$4,MATCH('＠MFP (LSI name)'!O71,'＠グループ、表示名'!$D$4:$D$250,0)-1,0))) -> GPWM2_GPWMST2 | P71: =IF('＠MFP (LSI name)'!P71="","",IF(COUNTIF('＠MFP (LSI name)'!P71,"Serial*")+COUNTIF('＠MFP (LSI name)'!P71,"Analog*")>0,'＠MFP (LSI name)'!P71,OFFSET('＠グループ、表示名'!$H$4,MATCH('＠MFP (LSI name)'!P71,'＠グループ、表示名'!$D$4:$D$250,0)-1,0))) -> GPWM5_GPWMST5 | Q71: =IF('＠MFP (LSI name)'!Q71="","",IF(COUNTIF('＠MFP (LSI name)'!Q71,"Serial*")+COUNTIF('＠MFP (LSI name)'!Q71,"Analog*")>0,'＠MFP (LSI name)'!Q71,OFFSET('＠グループ、表示名'!$H$4,MATCH('＠MFP (LSI name)'!Q71,'＠グループ、表示名'!$D$4:$D$250,0)-1,0))) -> CMP1_CMPOT10 | R71: =IF('＠MFP (LSI name)'!R71="","",IF(COUNTIF('＠MFP (LSI name)'!R71,"Serial*")+COUNTIF('＠MFP (LSI name)'!R71,"Analog*")>0,'＠MFP (LSI name)'!R71,OFFSET('＠グループ、表示名'!$H$4,MATCH('＠MFP (LSI name)'!R71,'＠グループ、表示名'!$D$4:$D$250,0)-1,0))) -> CMP1_CMPOT11 | ... AK71: =IF('＠MFP (LSI name)'!AK71="","",IF(COUNTIF('＠MFP (LSI name)'!AK71,"Serial*")+COUNTIF('＠MFP (LSI name)'!AK71,"Analog*")>0,'＠MFP (LSI name)'!AK71,OFFSET('＠グループ、表示名'!$H$4,MATCH('＠MFP (LSI name)'!AK71,'＠グループ、表示名'!$D$4:$D$250,0)-1,0))) | AL71: =IF(COUNTIF(J71,"P*")>0,"IO"&LEFT(J71,2)&"MD["&RIGHT(J71,1)*4+3&"]","") -> IOP2MD[15] | AM71: =IF(COUNTIF(J71,"P*")>0,"IO"&LEFT(J71,2)&"MD["&RIGHT(J71,1)*4+2&"]","") -> IOP2MD[14] | AN71: =IF(COUNTIF(J71,"P*")>0,"IO"&LEFT(J71,2)&"MD["&RIGHT(J71,1)*4+1&"]","") -> IOP2MD[13] | AO71: =IF(COUNTIF(J71,"P*")>0,"IO"&LEFT(J71,2)&"MD["&RIGHT(J71,1)*4&"]","") -> IOP2MD[12]
A72: 65' | E72: 33 | I72: GP2[3] | J72: P2.3 | K72: =IF('＠MFP (LSI name)'!K72="","",IF(COUNTIF('＠MFP (LSI name)'!K72,"Serial*")+COUNTIF('＠MFP (LSI name)'!K72,"Analog*")>0,'＠MFP (LSI name)'!K72,OFFSET('＠グループ、表示名'!$H$4,MATCH('＠MFP (LSI name)'!K72,'＠グループ、表示名'!$D$4:$D$250,0)-1,0))) -> TM02A | L72: =IF('＠MFP (LSI name)'!L72="","",IF(COUNTIF('＠MFP (LSI name)'!L72,"Serial*")+COUNTIF('＠MFP (LSI name)'!L72,"Analog*")>0,'＠MFP (LSI name)'!L72,OFFSET('＠グループ、表示名'!$H$4,MATCH('＠MFP (LSI name)'!L72,'＠グループ、表示名'!$D$4:$D$250,0)-1,0))) -> TM07A | M72: =IF('＠MFP (LSI name)'!M72="","",IF(COUNTIF('＠MFP (LSI name)'!M72,"Serial*")+COUNTIF('＠MFP (LSI name)'!M72,"Analog*")>0,'＠MFP (LSI name)'!M72,OFFSET('＠グループ、表示名'!$H$4,MATCH('＠MFP (LSI name)'!M72,'＠グループ、表示名'!$D$4:$D$250,0)-1,0))) -> SIF3_SBI3 | N72: =IF('＠MFP (LSI name)'!N72="","",IF(COUNTIF('＠MFP (LSI name)'!N72,"Serial*")+COUNTIF('＠MFP (LSI name)'!N72,"Analog*")>0,'＠MFP (LSI name)'!N72,OFFSET('＠グループ、表示名'!$H$4,MATCH('＠MFP (LSI name)'!N72,'＠グループ、表示名'!$D$4:$D$250,0)-1,0))) -> SIF3_SBO3 | O72: =IF('＠MFP (LSI name)'!O72="","",IF(COUNTIF('＠MFP (LSI name)'!O72,"Serial*")+COUNTIF('＠MFP (LSI name)'!O72,"Analog*")>0,'＠MFP (LSI name)'!O72,OFFSET('＠グループ、表示名'!$H$4,MATCH('＠MFP (LSI name)'!O72,'＠グループ、表示名'!$D$4:$D$250,0)-1,0))) -> GPWM2_GPWMST2 | P72: =IF('＠MFP (LSI name)'!P72="","",IF(COUNTIF('＠MFP (LSI name)'!P72,"Serial*")+COUNTIF('＠MFP (LSI name)'!P72,"Analog*")>0,'＠MFP (LSI name)'!P72,OFFSET('＠グループ、表示名'!$H$4,MATCH('＠MFP (LSI name)'!P72,'＠グループ、表示名'!$D$4:$D$250,0)-1,0))) -> GPWM5_GPWMST5 | Q72: =IF('＠MFP (LSI name)'!Q72="","",IF(COUNTIF('＠MFP (LSI name)'!Q72,"Serial*")+COUNTIF('＠MFP (LSI name)'!Q72,"Analog*")>0,'＠MFP (LSI name)'!Q72,OFFSET('＠グループ、表示名'!$H$4,MATCH('＠MFP (LSI name)'!Q72,'＠グループ、表示名'!$D$4:$D$250,0)-1,0))) -> CMP1_CMPOT10 | R72: =IF('＠MFP (LSI name)'!R72="","",IF(COUNTIF('＠MFP (LSI name)'!R72,"Serial*")+COUNTIF('＠MFP (LSI name)'!R72,"Analog*")>0,'＠MFP (LSI name)'!R72,OFFSET('＠グループ、表示名'!$H$4,MATCH('＠MFP (LSI name)'!R72,'＠グループ、表示名'!$D$4:$D$250,0)-1,0))) -> CMP1_CMPOT11 | ... AK72: =IF('＠MFP (LSI name)'!AK72="","",IF(COUNTIF('＠MFP (LSI name)'!AK72,"Serial*")+COUNTIF('＠MFP (LSI name)'!AK72,"Analog*")>0,'＠MFP (LSI name)'!AK72,OFFSET('＠グループ、表示名'!$H$4,MATCH('＠MFP (LSI name)'!AK72,'＠グループ、表示名'!$D$4:$D$250,0)-1,0))) | AL72: =IF(COUNTIF(J72,"P*")>0,"IO"&LEFT(J72,2)&"MD["&RIGHT(J72,1)*4+3&"]","") -> IOP2MD[15] | AM72: =IF(COUNTIF(J72,"P*")>0,"IO"&LEFT(J72,2)&"MD["&RIGHT(J72,1)*4+2&"]","") -> IOP2MD[14] | AN72: =IF(COUNTIF(J72,"P*")>0,"IO"&LEFT(J72,2)&"MD["&RIGHT(J72,1)*4+1&"]","") -> IOP2MD[13] | AO72: =IF(COUNTIF(J72,"P*")>0,"IO"&LEFT(J72,2)&"MD["&RIGHT(J72,1)*4&"]","") -> IOP2MD[12]
A73: 66 | B73: 66 | C73: 54 | D73: 45 | F73: 66 | G73: 54 | H73: 45 | I73: GP2[2] | J73: P2.2 | K73: =IF('＠MFP (LSI name)'!K73="","",IF(COUNTIF('＠MFP (LSI name)'!K73,"Serial*")+COUNTIF('＠MFP (LSI name)'!K73,"Analog*")>0,'＠MFP (LSI name)'!K73,OFFSET('＠グループ、表示名'!$H$4,MATCH('＠MFP (LSI name)'!K73,'＠グループ、表示名'!$D$4:$D$250,0)-1,0))) -> IRQ22 | L73: =IF('＠MFP (LSI name)'!L73="","",IF(COUNTIF('＠MFP (LSI name)'!L73,"Serial*")+COUNTIF('＠MFP (LSI name)'!L73,"Analog*")>0,'＠MFP (LSI name)'!L73,OFFSET('＠グループ、表示名'!$H$4,MATCH('＠MFP (LSI name)'!L73,'＠グループ、表示名'!$D$4:$D$250,0)-1,0))) -> IRQ32 | M73: =IF('＠MFP (LSI name)'!M73="","",IF(COUNTIF('＠MFP (LSI name)'!M73,"Serial*")+COUNTIF('＠MFP (LSI name)'!M73,"Analog*")>0,'＠MFP (LSI name)'!M73,OFFSET('＠グループ、表示名'!$H$4,MATCH('＠MFP (LSI name)'!M73,'＠グループ、表示名'!$D$4:$D$250,0)-1,0))) -> TM04A | N73: =IF('＠MFP (LSI name)'!N73="","",IF(COUNTIF('＠MFP (LSI name)'!N73,"Serial*")+COUNTIF('＠MFP (LSI name)'!N73,"Analog*")>0,'＠MFP (LSI name)'!N73,OFFSET('＠グループ、表示名'!$H$4,MATCH('＠MFP (LSI name)'!N73,'＠グループ、表示名'!$D$4:$D$250,0)-1,0))) -> TM13A | O73: =IF('＠MFP (LSI name)'!O73="","",IF(COUNTIF('＠MFP (LSI name)'!O73,"Serial*")+COUNTIF('＠MFP (LSI name)'!O73,"Analog*")>0,'＠MFP (LSI name)'!O73,OFFSET('＠グループ、表示名'!$H$4,MATCH('＠MFP (LSI name)'!O73,'＠グループ、表示名'!$D$4:$D$250,0)-1,0))) -> SIF3_SBI3 | P73: =IF('＠MFP (LSI name)'!P73="","",IF(COUNTIF('＠MFP (LSI name)'!P73,"Serial*")+COUNTIF('＠MFP (LSI name)'!P73,"Analog*")>0,'＠MFP (LSI name)'!P73,OFFSET('＠グループ、表示名'!$H$4,MATCH('＠MFP (LSI name)'!P73,'＠グループ、表示名'!$D$4:$D$250,0)-1,0))) -> SIF3_SBO3 | Q73: =IF('＠MFP (LSI name)'!Q73="","",IF(COUNTIF('＠MFP (LSI name)'!Q73,"Serial*")+COUNTIF('＠MFP (LSI name)'!Q73,"Analog*")>0,'＠MFP (LSI name)'!Q73,OFFSET('＠グループ、表示名'!$H$4,MATCH('＠MFP (LSI name)'!Q73,'＠グループ、表示名'!$D$4:$D$250,0)-1,0))) -> CMP0_CMPOT00 | R73: =IF('＠MFP (LSI name)'!R73="","",IF(COUNTIF('＠MFP (LSI name)'!R73,"Serial*")+COUNTIF('＠MFP (LSI name)'!R73,"Analog*")>0,'＠MFP (LSI name)'!R73,OFFSET('＠グループ、表示名'!$H$4,MATCH('＠MFP (LSI name)'!R73,'＠グループ、表示名'!$D$4:$D$250,0)-1,0))) -> CMP0_CMPOT01 | ... AK73: =IF('＠MFP (LSI name)'!AK73="","",IF(COUNTIF('＠MFP (LSI name)'!AK73,"Serial*")+COUNTIF('＠MFP (LSI name)'!AK73,"Analog*")>0,'＠MFP (LSI name)'!AK73,OFFSET('＠グループ、表示名'!$H$4,MATCH('＠MFP (LSI name)'!AK73,'＠グループ、表示名'!$D$4:$D$250,0)-1,0))) | AL73: =IF(COUNTIF(J73,"P*")>0,"IO"&LEFT(J73,2)&"MD["&RIGHT(J73,1)*4+3&"]","") -> IOP2MD[11] | AM73: =IF(COUNTIF(J73,"P*")>0,"IO"&LEFT(J73,2)&"MD["&RIGHT(J73,1)*4+2&"]","") -> IOP2MD[10] | AN73: =IF(COUNTIF(J73,"P*")>0,"IO"&LEFT(J73,2)&"MD["&RIGHT(J73,1)*4+1&"]","") -> IOP2MD[9] | AO73: =IF(COUNTIF(J73,"P*")>0,"IO"&LEFT(J73,2)&"MD["&RIGHT(J73,1)*4&"]","") -> IOP2MD[8]
